employee_id,age,gender,education_level,marital_status,city_tier,department,employment_type,years_at_company,years_in_current_role,years_since_last_promotion,team_size,performance_score,performance_last_year,performance_two_years_ago,manager_rating,peer_feedback_score,projects_completed,kpi_achievement_percent,innovation_score,leadership_score,problem_solving_score,avg_monthly_hours,overtime_hours,tasks_completed,deadline_adherence_rate,meeting_hours_per_month,remote_work_ratio,training_hours_last_year,certifications_count,skill_assessment_score,cross_department_projects,mentoring_sessions,salary,salary_increase_percent,bonus_last_year,stock_options,attendance_rate,late_days,employee_engagement_score,job_satisfaction_score,internal_mobility_score,promoted
75722,48,Male,Bachelor,Married,Tier1,Marketing,Full-time,11,2,4,14,61.5690492006594,59.350350951968096,55.62125788581021,2.431891272082201,3.371183889897564,5,50.89787448462065,65.89631388795672,62.07115466400935,38.5607831060144,129.1402920749225,24.083350456416795,34.512607238141,0.8849234487242984,31.186974771144484,0.0786137119536639,46.59228151951653,4,61.07960006427439,0,4,127269.6039219636,8.791641494574408,9801.495297391786,6289.31476599396,1.0,3,81.65729955452827,52.15996503864226,42.68772707065641,0
80185,54,Male,Master,Married,Tier3,Engineering,Full-time,6,4,2,17,44.90920845605173,54.966106721763175,54.88088959508741,1.5569201377610222,2.6315557408962995,8,45.82164186075373,64.72059578683591,43.40865669466984,58.367776457318094,155.0581778406143,29.15165559472929,45.03956647145342,0.9164481191805086,21.51004586476037,0.0992986334267319,34.67124521122945,2,66.60037064675225,2,2,104196.21692074636,5.366243296837162,7868.086928110892,2130.1014596291657,0.8598537859996521,4,51.0031888017585,75.00182769632879,71.53102565277464,0
19865,40,Female,PhD,Married,Tier1,HR,Full-time,1,0,1,12,84.72762303300689,81.15698448177224,73.67207216160821,3.3172656814632857,4.956313394990101,2,100.0,76.95566089914482,49.00604993949785,77.33148401045955,118.55676757616926,27.110602781258383,22.29822684970141,0.885284547821203,26.645293043989227,0.3335436083942159,54.08426124962914,2,69.13637036915273,3,5,75473.74391802157,8.49310665359707,11717.18272220654,5478.818107199976,0.8953684315770319,0,81.84626289371771,64.0566408018136,35.30672719041971,0
76700,37,Female,Bachelor,Married,Tier2,Finance,Full-time,4,3,4,17,40.0,40.0,40.11169978769594,2.573478749112507,2.593444258787337,2,46.04396843370223,74.21745735591884,49.99887792945484,68.81027519779119,185.54845436629984,9.343257384151354,21.20853673116023,0.8978708005138447,10.70073575941946,0.0809787290848001,24.81371316889936,2,82.5010445158416,1,4,110146.16781030476,5.512436964157532,6678.307270742243,3860.03273983707,0.9304450985850712,1,78.78996126547793,45.038233965389566,52.01225006727227,0
92992,59,Female,Bachelor,Married,Tier2,Support,Full-time,3,3,2,17,56.06103013608799,57.08267546643812,60.95708655587771,2.0858619195853207,3.229290537142882,1,59.60848356407669,81.07477441152412,55.826076143527445,41.20708070651595,141.93181267277154,20.41898683405873,24.197508796988405,0.7434996582123107,15.024307855096977,0.1598534237173012,30.54954365687572,8,71.19999601910253,4,4,70457.94137294372,7.584844399513962,8571.098535663597,5398.242703818689,0.9727050230308604,0,75.2108203828963,47.6865551387651,66.13537096075837,0
76435,49,Female,Bachelor,Married,Tier2,Engineering,Full-time,4,2,0,12,77.25476259502142,64.73581234819716,61.215670241022806,3.9813731515348607,3.159896880223229,6,75.47924486092722,79.27046061963313,68.26089728029048,67.52952787185043,153.86634274169285,17.69500185517034,52.020554134549656,0.7295028212905538,48.53050056550738,0.3478331798967808,38.93440826041434,3,63.58294114916871,2,7,127410.68067452098,5.92059495879866,10345.669036833771,5888.808239768432,0.92002554594767,1,74.20305234636437,61.802662017738015,36.92009029623333,1
84005,44,Male,Bachelor,Single,Tier1,Engineering,Full-time,6,5,0,17,77.57280127402504,76.68124135566114,59.4469962528532,3.134754007054981,4.375138587215899,10,77.96284509615599,28.813817745326265,39.54774280663638,42.80265345873558,185.0879907062412,29.469281317263224,62.3002918739194,0.7709126950121369,20.2111190331886,0.3678828567146823,36.16913921161015,1,44.0540796272154,3,0,161893.90057490615,8.082607064309151,13548.84726565162,5068.916335307266,0.9615340533418965,1,59.73846124240697,82.26144365812185,22.148765728923763,0
80918,25,Female,Bachelor,Married,Tier1,Support,Full-time,3,1,2,15,61.62263196540357,51.36713759588415,50.67816846068047,2.9043572042419146,3.42052126259701,1,59.23684042496963,83.98457968387358,54.37430256557213,41.969839494264,180.51822123894692,11.109088282958451,16.18843364427088,0.775648932700877,20.332091833566025,0.2079675134273095,30.352994414970617,3,65.05882862988743,1,0,85495.10895188723,6.657110853504566,9465.314628491293,4570.23345584876,0.9891842519982206,2,76.3423789499872,87.58172868345797,57.35538105725831,0
60768,35,Male,Master,Single,Tier1,Marketing,Full-time,10,5,7,17,73.60482833820971,69.32645982178778,44.08456354568125,3.74519548928494,4.310918970993761,4,70.61587436935214,100.0,61.06934986123307,56.683363809424094,141.77408673562144,0.0,29.438678189845547,0.7907619068865893,21.09650843574443,0.17182543314783,46.80198770638552,1,93.00175224988998,5,0,135592.85203042784,1.133021414183725,9761.92906527108,4414.319510995636,0.9997531519505938,2,67.97257955088494,59.45666769197287,20.271383165490303,0
50075,22,Female,Master,Married,Tier1,Operations,Full-time,11,3,7,17,78.09540796612062,77.18899838460783,72.04847083151513,2.893705255232103,4.459953728194462,8,68.30348982329065,42.06909400123425,64.48095132463615,46.20757899777088,156.68573154302413,14.05384006742541,45.30821102746201,0.8128748071274274,23.853349061269444,0.1370015444054699,20.477331892490305,3,49.14627644642236,1,3,129916.48164552976,6.691751886471224,10914.289556480917,6319.517457605612,0.8956996963672559,1,69.97690177477986,67.81452432261445,63.256676989919946,0
27702,37,Female,Master,Single,Tier2,Sales,Full-time,8,2,7,3,69.00836300262831,73.82392181490094,67.3906422338866,3.210406192981938,3.501387591373561,6,69.0115131583393,61.3134195188476,65.64173028305527,46.455259150650726,175.93577974279685,16.04046081568948,38.16716015995091,0.7324485391202905,25.28807555370483,0.1142224971905843,34.34332261069651,2,69.86204661530975,2,4,124625.09139270334,7.924595154803162,11416.5306173142,8267.074140169449,0.9622261603688118,2,69.07382025237027,87.17410141455478,36.12268465688821,0
42142,24,Female,PhD,Married,Tier1,Operations,Full-time,5,0,1,12,54.98076210890268,55.87603207991157,53.33959852373051,2.995019221285237,3.230690993059645,30,59.49513843696227,100.0,47.69194130275562,69.02520908832281,238.1920635071642,20.579281494072838,43.4575542775983,0.7827578498148342,19.438533574313144,0.5659135006609248,163.86305011298234,1,92.29764878601824,3,3,179750.56124362088,6.814955867126178,8397.299653167205,4964.055734304408,0.8800420283808479,0,88.61902203007125,65.15495455098717,74.36996821933937,0
45081,32,Male,Master,Married,Tier2,Sales,Full-time,7,4,4,3,76.13667126654032,76.59864019117333,69.85519152046784,3.306622495657469,3.5525142544953066,4,79.37504489879088,35.644105411940515,60.98234927399426,51.46269091626942,165.21407289306802,12.348584147483702,38.14601757361831,0.8523203710886755,20.9896138951081,0.2706651909830717,58.797478535662464,1,41.85017211876534,2,2,117572.66915446892,6.906336241988655,11518.931876743376,4760.384932988716,0.9746113051002148,0,71.19902069633166,68.71096571143407,45.07240704621452,0
16639,32,Male,Master,Married,Tier2,Sales,Full-time,10,6,7,7,65.85582857426031,56.052230026882015,65.20003976705009,3.147686767046926,3.7615863905462663,7,51.69729694870933,95.29274836209026,80.04442740276102,57.69759090755301,166.65815624043125,9.383793735072445,50.06967249113556,0.8358851682969742,31.542680318612312,0.3391891038155334,31.020045310781,1,87.57206770497561,1,0,118616.26946247889,4.513198350918793,7393.308355294217,7403.114321430812,0.9240413520305027,0,71.9782214363152,40.395156415641765,70.17432909256274,0
20425,34,Male,PhD,Single,Tier3,Sales,Full-time,8,5,4,7,77.96052502359045,76.46910906784771,78.95928051541198,4.311259069824665,3.859071254227703,5,72.29033103143676,82.9176074797084,78.43567025209234,54.77440820902408,143.83527204592292,7.698847567962259,35.25422592627579,0.8403404876550109,40.99660234057544,0.2690415307185256,47.8771515204019,4,79.01997008950667,1,1,112739.66939274564,11.509311190332747,12081.387026669378,8709.147197232822,0.9702909141100302,2,79.03478682746102,62.60762381892527,72.55857119947783,0
88703,22,Male,Bachelor,Single,Tier2,HR,Contract,1,1,1,10,63.48245826327798,64.70299125809473,53.54050973332991,3.0126735427939946,3.8774733822149168,5,72.82955040165645,86.7189986603162,47.52957273172596,71.59839922880124,171.81868671576467,21.42469737772573,44.943800854013055,0.805296907030134,40.29773878807909,0.1847015212094317,36.88394775924807,2,83.53751521985865,1,2,49651.77763601822,6.932704063011935,9465.746266494916,5174.295548611221,0.9434651168591514,1,60.81751233560976,82.97923948126284,76.19445529853543,0
150,45,Male,Bachelor,Married,Tier2,Support,Full-time,6,1,6,17,65.21545695108958,57.99181211158081,64.98572413889903,3.057788012904173,3.27923131787991,3,68.42063393844309,71.61451913050585,61.7826615048228,75.30886702672943,144.18994888008174,13.516509019236908,24.513215850658504,0.769958409705239,13.62138799924752,0.1340980001894274,49.4372114294804,1,87.93135630206807,1,6,77057.51844219706,7.026541506313878,10293.905738423426,5909.659758216862,0.9106537442604052,1,90.82147899783166,67.63953859777257,89.39988208858517,0
1762,56,Female,Bachelor,Married,Tier1,Finance,Full-time,3,0,3,16,83.99898634356873,83.5479035931852,73.38365231206242,3.809707222389113,4.230483078244484,0,80.35454265370099,62.405809093124105,79.31069837906242,59.905180840366334,138.4038446101476,0.0,7.928023815741369,0.6881790205124814,19.327363729198623,0.5282466761800033,57.96608012884463,5,74.5128200365069,0,5,111587.25549601874,7.255954864091976,12606.672080269956,8022.234508488191,0.9056295607930211,3,55.27040577458264,55.71816584336527,77.0750403961957,0
63121,23,Female,Bachelor,Single,Tier3,Marketing,Full-time,11,2,10,10,61.86041468736645,60.501833801678856,59.301400105153135,3.377115646077108,3.127091984306333,10,64.64133093186047,97.17757138384668,67.35247770734429,63.330450967813576,178.42002170933068,27.876344172319623,68.37792716774915,0.7281241900929536,30.727328366283235,0.4271346172985482,52.57109662566045,1,87.32052852105976,1,4,103633.30226036996,6.344295367436967,13045.455278622298,6339.198333545972,0.9528510959093808,2,59.00515979438586,44.5416409528208,77.74727613741067,0
69162,42,Female,Bachelor,Single,Tier2,Sales,Full-time,1,1,1,13,71.81614748475037,79.52820906870157,90.93460385852696,3.146549309786399,2.441555867444864,7,71.74000526743491,39.44268433266951,67.71861452893029,43.69402594764917,176.8207142680617,17.687973960479148,50.91648500245469,0.7348171554379676,12.170105943623144,0.2019095292086303,35.11496197131436,2,68.83351399062458,4,4,92416.8886956002,4.860630852224495,9168.796835381574,5843.736154426515,0.914804211815996,1,69.23081529607889,49.72838852424441,26.812197839531212,0
64884,51,Male,Bachelor,Single,Tier3,Engineering,Full-time,6,3,0,12,65.55494939668144,56.82918045309957,68.18691733055127,2.845018572173913,3.813054189588478,7,76.10115195623897,54.64872825623266,52.320629283077714,42.11694181846242,177.49488722530137,22.446488774425724,49.87875874636181,0.8669067406191674,17.10152530748335,0.1598562281173718,33.43755776660233,0,59.19155048560636,1,0,113545.71148923942,5.481954961119219,10217.46861563262,5317.971164604544,0.9123371049763788,3,73.49726511512732,75.2665888479843,15.736140325561289,1
2496,42,Female,Master,Single,Tier1,Operations,Full-time,4,1,1,6,56.95110645474574,63.6414732459486,60.77596718647258,2.6057354983998637,2.85305652227456,6,48.15205741534988,48.127271809048914,62.83653350342252,68.58614681995812,159.45807723604912,32.75368911899089,40.58121904930311,0.8309082970566835,28.181193118494345,0.3937767765407686,31.408927858625027,1,56.45805844856133,1,4,72398.68767299491,6.9814298317484,9785.356662002445,6529.326852797059,0.8709025362799757,0,55.83183214069414,53.51404062076424,68.72480649810352,0
80297,57,Female,Bachelor,Single,Tier3,Finance,Contract,5,3,4,18,88.50576291122998,84.1730609826941,72.91433776384554,4.8972866243996656,4.593142850155607,6,88.37422113909489,74.70005781339651,75.46415032338798,83.87785497035546,181.2088650379602,13.255108842941112,35.7133157503909,0.7283703412683904,35.27586994472761,0.3769871233991168,50.469232456042114,4,78.86742094111821,2,1,93876.10525570124,5.771113153655817,15068.05046401807,6394.457376906281,0.9876511157531256,1,45.699263042910175,64.1782957674516,43.88985603550976,0
19448,52,Male,Bachelor,Single,Tier2,Marketing,Full-time,2,2,0,16,46.46134327581445,43.29089705930568,62.181849572342976,1.3434618252241153,2.577758789378384,9,51.21512353121815,75.16482548046359,74.76253140176458,50.71706974103262,189.2182288819969,16.473557711603064,55.70490021186084,0.8689356670975974,25.25803036256801,0.1907994086415434,55.03023789321641,0,81.8326985810131,0,5,77984.00983682019,5.075333308664835,5209.850858216087,5562.570817841186,0.9448201849894844,0,86.42263877886042,58.55897156857923,0.0,0
41332,27,Male,Master,Single,Tier1,Engineering,Full-time,5,3,0,3,57.74046918380439,48.58897984971231,43.927780007615766,2.499163368016097,2.7712332127404453,7,58.14294840263307,65.93970126633678,59.30513625425614,50.26747233535449,175.95780650650633,19.16631975539553,50.07191745150206,0.8189621356721258,26.125019138235587,0.6188648404715628,45.0601287409654,3,69.48068399727832,0,7,122749.62127034084,7.73353628923296,8814.256459470296,6206.731434073932,0.9591243675936388,1,61.947551056788704,79.67092005231706,33.276664077806444,0
14889,25,Female,Bachelor,Single,Tier2,Operations,Full-time,4,1,4,9,68.36770984082416,62.93422451345044,58.57274235112736,2.682343186859103,2.8439737795980697,8,75.13057399346644,54.69070544479709,49.79437000841924,42.92440906523238,183.2115232989649,28.09093321315018,44.19947760740134,0.7064881679088443,17.32093424769351,0.1313642372818573,23.507262695359454,3,68.39572868546638,1,2,108842.47912061845,9.519251359410037,10097.276017265747,5227.159050104992,0.9266886516147108,3,55.89984864046525,60.76610574115668,59.11885701400788,0
88637,54,Female,Bachelor,Single,Tier3,Support,Contract,2,1,1,13,90.13916972147776,84.83365019280461,70.92077721759004,4.347776706690287,3.5750934908297967,4,91.82340026561953,62.9099400906471,56.05947761777047,61.791320261849854,191.67236088003767,26.070502106972818,28.45916460479554,0.7523886329185752,37.63823237237912,0.1225532385552849,58.43007261576304,2,65.59798884362067,4,1,64001.09873682328,9.620265611737912,12296.324452576277,6299.235404646486,0.9397115692864326,1,66.17684517867285,93.97312409019496,42.64669645439293,0
94893,34,Female,Master,Single,Tier2,Finance,Full-time,6,0,1,8,78.37842513697085,74.24910120245765,70.30953004986378,3.230084508819316,3.364725294710533,6,73.2149077018469,40.23796599242525,44.38852371316702,30.565035031299413,151.65886632508617,18.07364626813856,45.85629076460286,0.7751389956215062,25.660465468792808,0.2202838354456594,34.02411369937764,3,51.89799851812707,1,2,135564.29611779837,11.249752705947948,9201.225217285686,4670.526936828788,0.862273175091766,3,76.08798633869607,67.40609233503352,39.18487225841588,0
92732,34,Male,Bachelor,Married,Tier1,Sales,Contract,3,3,2,18,67.18326267714873,66.25378431339425,60.90818352332301,2.992619614506314,3.464194785369636,8,57.58923388311741,62.96213251042205,48.32794599848612,68.6222153144474,173.67505998990043,13.44533431630472,49.296455429441984,0.818847173873679,14.532600011515036,0.4265301922546854,46.55100480535919,1,56.91302310384425,3,3,111982.78059283196,6.39663094345257,9512.26572677541,4415.541182040954,0.9808545136864256,3,57.25408586190371,80.88509881197784,59.88120504573482,0
29131,49,Male,Master,Married,Tier1,HR,Full-time,4,2,1,12,69.89356361342261,64.64986939507921,54.27549907443,3.245098217800016,2.960442533807072,1,59.29260412511716,55.80254003210312,66.81272935843121,52.25361852269812,123.37682600500229,22.551280744150745,16.453678578936994,0.7489078251611335,28.922155809826,0.5936950855284472,46.704812153600045,3,67.25471606215928,2,2,58694.54983343085,6.439333885625211,12121.39215086537,6911.900305962372,0.923988108631698,2,48.68821333356097,44.0172379824673,64.86628055978646,0
79023,48,Male,Bachelor,Single,Tier1,Operations,Full-time,2,0,2,17,87.76384802972362,80.7158989448917,71.53663492890897,4.014372766882634,4.416592888215325,7,79.28903906176895,48.63817226346377,67.20365684092071,43.47220525220645,174.6336339632799,26.88649755850507,49.06141592013128,0.6825901261816973,5.0,0.1378317082154372,40.84524341471745,0,44.69685778096776,2,3,77232.51509777542,7.990111177408026,13729.481276483846,5569.960857507855,0.9523369913974182,5,53.03427975434852,66.45071686080182,59.47048227148562,0
84937,58,Male,Bachelor,Single,Tier1,HR,Full-time,2,0,1,10,97.07670632697372,81.51613106947015,77.7709460394221,4.534009033715543,4.318523422335683,5,100.0,52.68794426762793,70.83092019252803,50.8514866993221,163.96010090197112,15.127152417523035,41.2164837717721,0.7901846809313625,37.94154688508098,0.351661102186413,38.57279798941831,0,64.88979257279304,3,4,81599.42808183176,9.58464342077104,13583.354863141976,5276.647505196096,0.873487903083329,1,90.29957269505324,95.04513934399662,28.01443335799943,1
16822,38,Female,Bachelor,Single,Tier1,HR,Full-time,5,0,4,19,73.55640379138441,79.55158028182608,63.034581081245385,3.5419736956860195,2.9886201534618,3,80.73604054190244,34.90436588609845,48.16193289245349,45.07883206229741,138.55245230175314,14.091146357521168,31.729717268800066,0.8254137578383304,27.304122939197924,0.3810733436159462,46.89045188749345,1,54.23305852551485,4,4,106290.992470749,5.701090611911917,11042.64916037614,5702.613717114647,0.8827256364016822,4,78.26049322561158,100.0,22.14429089353651,0
36734,29,Female,Bachelor,Married,Tier3,Sales,Full-time,5,0,0,13,70.02440118583056,75.78895920121377,68.43088282594469,3.002164528017951,2.2232290424659875,8,70.10370596379647,98.38888422283156,58.92719758633046,57.66374821846868,161.39163216390776,16.51640430166922,45.55282343736915,0.7505283175810353,33.939575394178746,0.1139039792163758,46.82589686378645,2,72.60372146521391,1,2,96986.11838409422,9.868099067378823,8879.23922799023,5649.582346246606,0.8470423634020355,2,87.37090614615315,53.29196356328301,60.83213248633104,0
15603,34,Female,Bachelor,Married,Tier3,Engineering,Full-time,3,1,0,13,87.74995136753361,88.08563185667022,84.09172702451906,3.724814036962344,4.578076648475649,15,84.35687122727555,66.94669907974824,70.00099578518437,42.91357877728381,204.9738225835828,25.05613780596166,79.0399145789219,0.7960261752384266,26.639077882612828,0.2584763070802396,58.25827778317964,2,60.6481259390865,1,2,109240.76645688745,8.939072846699796,12385.9055311471,8087.723094262606,0.9339343060346772,1,60.649543179371705,63.1634923510786,48.677127839804605,0
28534,23,Male,Bachelor,Single,Tier1,Marketing,Full-time,18,15,16,11,68.93904249819447,67.46298630812706,57.345206307553056,3.387357248720176,3.219511241278958,9,79.3701635661974,62.75569952593156,51.07577210498212,61.10984721168721,215.7448641810964,13.704312276543217,63.34009887352892,0.9221242514917332,36.32896137363669,0.4271955865089287,45.305607038012006,0,66.40056219264075,1,4,132005.22943321062,6.570181185065732,9597.023561441763,5609.198461942762,0.9394631659097248,3,91.68555796496366,75.09644769195955,56.12410682992853,0
69770,48,Male,Bachelor,Married,Tier3,Support,Full-time,2,2,1,14,55.014786612775055,64.52395582651255,56.55615950161916,3.0990693237943896,3.468450723064387,4,55.94387270010869,82.76800530247894,54.19113475519697,62.878167916156166,178.6130084412705,14.376862335823624,21.72711697005513,0.8619562751457182,30.66231070461133,0.6961535974260671,56.945793453508784,2,89.25507442247522,3,3,75989.92747885277,9.356231259683728,7001.959271681106,5078.801078917115,0.9339477828982352,6,42.38969426191001,57.33038143665991,48.82085020545501,0
11406,58,Female,Bachelor,Single,Tier2,Finance,Full-time,3,3,1,3,40.0,48.75951220247472,50.32981925291219,2.2069643806109185,3.355153066529262,1,32.82914612083161,73.66241474744284,53.628277453539525,49.26983154410381,149.1111354949484,9.525310214897813,27.555522278211285,0.8324574610064875,27.86403083374232,0.1800127219810239,42.5921520590002,1,59.41139056222882,0,3,105979.77459967742,5.975722609676595,9515.002172371926,5031.60875973273,0.9717662136230554,2,84.3429921998097,58.10707405897125,47.59585740076379,0
96853,36,Male,Bachelor,Single,Tier1,Sales,Full-time,3,2,1,9,55.6279980218507,55.80094772407954,60.52179688864293,3.315427163198004,3.648114661694348,6,49.88092483981233,58.11936097073632,40.418879461680014,40.49489784532287,145.08810422375643,24.07456110207199,34.726709056784266,0.8108639104406855,35.33310928967396,0.2542405681266774,47.97238155934749,2,52.14603841910517,1,0,81762.90578299313,6.593444851418255,9092.222661273998,4049.9508913796058,0.8682781510304384,3,76.22928446972269,64.892741104966,8.047295835833488,0
16131,22,Female,PhD,Married,Tier2,Finance,Full-time,9,2,4,3,63.417336010025146,63.1182996637134,67.20116469544318,2.9329746483597643,3.110949793076029,7,76.11328876764944,85.54218330631566,47.310386357467934,52.65883440572844,188.43859135513569,33.11785507381261,40.62112938646242,0.7171821110948475,23.435118458565213,0.519232803052726,46.02654362914287,4,86.75766315965363,1,2,116493.85520106155,6.4863591864224,9299.912873709603,4917.858537192714,0.9751096418900964,3,63.311566214034656,68.08521418040817,35.77643948853212,0
19793,56,Male,Master,Married,Tier2,HR,Full-time,7,2,6,4,80.55609263864446,81.87070158525326,77.55119879001728,4.114107293669037,3.8879470102712097,2,67.18798839405821,51.937730518904246,57.9725834602426,44.22435870186667,133.72541535346676,25.435634043656226,24.56550806829929,0.7828724628674154,17.4650869465628,0.5935929558285654,23.55786716867024,5,57.50711131174245,0,0,108405.35094936604,10.229727012246592,11819.408305774949,3914.11867614996,1.0,3,83.3516884468104,53.66790389733588,43.60366033357963,0
89578,37,Female,Bachelor,Single,Tier1,Finance,Full-time,3,2,0,9,72.14121805440554,57.94909383943441,65.1515957673695,2.823290116181341,3.463638781605416,4,64.11406526236907,73.30911446430491,50.22763703537535,58.556101643911006,146.69568718132868,23.455894053325668,27.533616875380567,0.7402599715201854,30.890920135768432,0.3899699522078518,45.43680547081364,2,78.5814483605129,0,5,101302.29021841974,5.040500219675161,12275.22903144181,5235.124924487878,0.9537773471894124,4,64.09262563335392,68.40808406320946,75.10203202232469,1
40164,57,Male,Bachelor,Single,Tier3,Engineering,Full-time,3,2,1,5,88.01667137268484,89.76283423906378,70.75584034038778,2.490837477359163,4.958719948009135,6,80.9093607564262,49.00267320437192,54.69810129459094,57.10549392878903,157.33366463641474,13.025826372188757,33.473785136300904,0.7856074583551782,42.23778821761259,0.5344712792897195,38.64551850048661,3,64.20640539559513,0,6,107249.49555637431,5.189891330584822,13035.514678908294,4603.861476250197,0.900763151272538,0,67.5423162418915,67.74353850902193,41.00403135602596,0
31777,52,Female,Bachelor,Single,Tier1,Support,Full-time,2,2,2,5,79.82318722649971,80.2221185104951,64.54355787023495,3.9245920063495072,4.267910444857168,2,74.16996910481399,44.07958046715527,63.45801826058067,36.33940467973776,156.31771134347716,22.10378302210054,15.883209445688014,0.8624415416536947,31.24497421690235,0.5604099941068679,48.27497315298211,0,52.12547510145583,0,4,90026.94211145357,5.623776036742341,13216.770593309348,5472.401035909037,1.0,2,62.99642311130921,38.9160841519442,38.48244569585229,0
25331,58,Male,PhD,Married,Tier2,Engineering,Full-time,4,4,0,9,78.72434638446062,80.18804893089937,79.18024321263316,3.578766819010569,4.193823505252359,6,67.05187151267785,70.69384474373497,84.6410186396738,55.85074255127696,177.74395058400123,20.90581229914567,38.20087669037453,0.8466324634174686,33.15645884762238,0.1619793324798258,37.76088670069018,6,73.65684999081006,1,5,94915.56755335433,8.157576208759426,8309.904397251332,5634.214686197202,0.9382156716699956,0,74.14093218663179,73.60922611376543,57.57160184781967,0
79157,56,Male,Bachelor,Single,Tier1,Support,Full-time,3,3,0,4,82.4358861165782,80.81314863145404,74.25910312672286,3.2122229390302066,3.25597023649714,6,93.209350213225,62.81684566605367,50.81499723636128,43.33040105601261,186.0503924927874,10.616670270621832,41.55325689938542,0.8085926891228423,12.007408160251318,0.0871379205988099,39.5539497492196,2,67.20461584595607,1,2,79025.93196952874,6.695423621578848,9921.787979888786,5758.433638059176,0.9143251287684452,1,87.02487526470591,42.37788373823537,71.14809545335177,0
51686,23,Female,Bachelor,Married,Tier2,Marketing,Full-time,6,0,1,17,100.0,99.30981105902846,78.34564033783911,4.779368649895495,3.93514834530052,5,92.98375775383182,98.0170713090216,83.1373421577387,76.52143169415254,191.6642598853719,15.368707512364024,34.270759255059964,0.789857295007999,18.176587882785157,0.3082647662295411,42.74075592683162,5,87.42548654018029,1,4,81710.012770617,4.502963904053381,10616.233424250202,6306.043472916788,0.9116715805574848,2,71.32282671439512,68.56247094491412,86.91514152729629,0
75499,33,Female,Bachelor,Single,Tier3,Engineering,Full-time,6,1,1,19,77.83864232679055,78.83004361924372,58.51011139352013,3.489529824072416,4.0069003754292645,8,78.32156706600401,70.51129355860208,62.93986814546928,86.40934898985569,164.80661123761973,16.85339452571759,49.517042247875935,0.7714408641194258,30.191807286543053,0.441635065239337,52.674004970739176,3,67.02226535948357,1,4,110041.64177957697,3.6415995889354975,13620.234082937448,7568.484754075237,1.0,3,69.4729620653919,66.25890851638893,29.08055475824574,0
4728,40,Male,Bachelor,Married,Tier2,Operations,Contract,3,2,3,11,61.89385660473582,56.69401818485893,48.56204055915329,2.9948480617492645,3.0393566054312906,6,64.18195603318301,100.0,76.29920672078225,75.33259969411358,171.23820796297696,10.639576759829906,41.603297861603,0.8351468781475517,45.98813077143588,0.3586335591350652,54.742872631985385,1,97.86274994093118,3,5,94567.50923312928,6.323979423511735,8695.747620524278,6659.575956577243,1.0,1,57.09527555701709,60.50586724098864,49.00287408688644,0
85199,42,Female,Bachelor,Single,Tier3,HR,Full-time,2,2,0,15,54.19826609082153,59.521675970367134,55.211601115619146,3.00375763167984,3.265922874579445,4,45.31353489983167,48.07929897072837,47.99637996818594,41.00743164638803,172.79214170019893,11.202963007652246,29.38387373118609,0.7955230407069263,19.754341090241976,0.4623420187401941,33.89347607802823,2,54.91349127299348,1,2,65323.68576115846,8.59265196710621,6354.896029280865,5742.223043328364,0.9407930597439914,2,67.95735687461077,59.91373927458656,43.27970701274018,0
35796,53,Male,Bachelor,Single,Tier2,HR,Full-time,5,4,4,15,94.78085389796134,93.08730051403582,80.7366640045866,4.813379793712482,4.627968988714866,2,91.38454833147466,83.01793569766423,48.97508412334173,59.70788177661581,195.6213364946652,7.297773277557156,19.24692057596763,0.857927727712055,21.87360431156273,0.6433570013776444,40.751314799046256,2,68.16739438609854,2,3,93449.15024794734,6.675826549994841,14776.180096692558,5540.327413981911,0.9690518363301712,1,80.51026455714214,61.86022333216966,45.9976411794224,0
12257,22,Female,Bachelor,Married,Tier1,Engineering,Contract,3,3,2,6,40.0,41.564976296245405,46.683951311738255,3.0091280459124627,3.4073151216299697,2,40.49666333684591,62.95763769807576,35.48075447704288,62.44561502921407,160.17975881252065,0.0,7.734085164728718,0.7390813895723964,24.4211775570758,0.0965200216552482,32.26968911752208,2,63.861343907769296,2,1,95246.36888923436,5.944403425251357,5634.305029723935,3488.9592625040577,0.891650930520643,0,76.6130482541337,95.12950452028376,73.33344053004433,0
35719,47,Female,Bachelor,Married,Tier2,Support,Full-time,5,1,1,14,79.93772419310739,79.94985882086033,74.05541567332529,3.4472794268863813,4.091917190019196,3,76.1773093846862,64.70449422856514,60.18548785878915,55.88755527644499,154.1263512263783,21.895626862552085,23.004924285731946,0.7666040402438327,17.70973916858466,0.2897459285772661,31.282188662321825,3,65.51450646781666,1,4,66570.76066017845,8.847346720874892,11813.104209692749,6321.520888342571,0.9815465888640832,2,69.51956695359314,59.6403516622328,45.77167383395294,0
70552,26,Female,Master,Married,Tier2,HR,Full-time,4,2,4,7,83.21175998369456,79.91843369529967,80.43841501994473,5.0,3.9960617946898696,2,79.21396826104562,85.6198178776714,69.06782688103519,61.06189585621869,146.3339487508667,15.878077855560532,16.89861550301999,0.7844643668227911,32.50031291832168,0.2085904304659102,73.64477622081571,4,77.11608410393973,2,4,61366.698478395134,2.9712298217349105,13903.080113366168,6320.02547856962,0.85725181499265,2,89.35035697600921,75.55759755177617,44.0217873048015,0
54375,51,Female,PhD,Single,Tier2,Engineering,Full-time,7,2,4,13,91.27161171605644,81.69384116384474,70.3122644983192,4.515609205587278,5.0,8,100.0,97.25594336328275,79.2630621824911,61.18961002836416,161.34700786263,26.518966494692528,56.582239481049456,0.9592125865133284,28.41876953964779,0.320323219665094,37.09262346275761,2,82.34728438227091,1,3,124545.91303496675,8.677352650677095,11627.44897176872,7384.050681186893,0.96655995514646,3,59.81162131982947,77.62250700927905,48.194853618663736,1
39692,47,Male,Master,Single,Tier1,Sales,Full-time,4,3,1,9,80.9110747864183,75.1258105336934,62.31568511492752,4.074323825903449,3.398966301436181,6,80.5266672243391,59.83361361151685,61.740758547810415,52.63634669845947,152.43274478656392,30.745555480083294,40.04489553157856,0.8227874373981827,16.377709671464384,0.4420193113859045,41.53952923603642,1,65.74076633565002,3,3,123204.14685779416,2.428666781935192,11015.348215764236,6391.332278698479,0.9692251518184596,2,71.6462440354955,61.38741223940863,42.416153493845,0
93703,52,Female,Bachelor,Single,Tier2,Sales,Contract,4,2,4,12,56.78220324463608,58.83809477501518,65.4519739501207,3.645043941372321,3.569965978770535,5,46.96907601229265,55.25575721972197,59.419066846184585,49.25014486909467,168.5336060681921,18.70734157111532,30.5976256030961,0.8234899870588716,23.400682087345416,0.7796369245174277,33.61878749056145,5,73.19452689434729,1,3,107426.60847274883,7.705142522341634,7037.332633760743,5011.662560309172,0.912104461824679,2,62.97573998549497,50.57784376208238,59.71663227467076,0
73692,57,Male,Bachelor,Married,Tier2,Operations,Full-time,0,0,0,18,92.1167062529679,80.12744195976288,68.22070016608251,4.309876222410669,4.532099034411146,4,91.77973611753032,75.49036967773965,73.39752285355424,50.65559516111021,145.3178024941004,10.862527357029856,33.622076498426665,0.7431008478808114,19.510610895075395,0.3465750057143793,43.58700355537051,0,62.58325875462298,1,1,87231.29842727733,9.383787231586671,13412.186775585777,6630.16209323605,0.8280391152981743,2,97.7564104981816,48.055274377257874,27.05260402181373,0
98071,53,Female,Bachelor,Married,Tier3,Sales,Full-time,2,1,2,4,69.85439031482912,70.34828142814342,72.42394919768624,2.741420149531154,3.776887213900432,5,57.37112042964323,100.0,60.78451391301928,64.63483228912932,132.6566259625879,35.427885684371546,39.034176606629615,0.910058773313444,25.20624595002121,0.1367082979788369,24.04193606004552,3,88.74024839110874,2,5,57043.01971250552,5.396512494913473,10277.975919849709,6072.060925900276,0.944686655655754,1,37.17582096083397,74.3606846757412,61.48004616179218,0
576,54,Female,Bachelor,Married,Tier2,Support,Full-time,1,0,1,4,97.90924254310691,98.22122538253087,89.56740921618784,4.451959489985226,4.465360381403809,2,98.45495179773388,70.83909741530847,72.35089808764643,49.87041627963389,144.5650387655094,3.969461180192084,20.946584189143827,0.702421282747385,25.83082405367133,0.2366175947589568,51.79841101878647,2,69.05252572380027,2,6,61149.58461457242,8.266689372260089,13035.689964194047,6414.343790394526,0.9103590676233856,1,70.23563821083783,65.92279843439779,24.92301751059863,0
84611,23,Male,PhD,Married,Tier2,HR,Full-time,11,10,6,17,77.71048507117442,75.26111711234799,68.22631782759576,4.287358365700675,3.5278923790502974,2,86.40506578544516,38.524936541085005,35.23156988403503,30.940285065337854,180.9162706561941,15.047573622799971,30.618148343642893,0.738609020757292,23.234881215386604,0.2908514168374531,34.81238274719547,1,38.73146868193329,2,3,85596.57372225441,5.763751091940858,11478.370311920127,5076.627273197801,0.9828264565328628,3,64.90272065543057,74.5579430026716,51.62483650071649,0
61770,55,Male,Bachelor,Married,Tier2,Engineering,Full-time,5,1,5,11,91.8514457575471,92.2217112526599,78.99751552072253,3.940584375541986,4.741566173419132,7,90.03574870300508,100.0,61.14960162035432,83.05039372280555,173.285574289441,19.46472963387277,43.3433462652068,1.0,18.19739123036497,0.1710110883944113,32.08248207122213,3,81.61483296687987,1,1,115883.3397774869,8.58987751411696,13149.00829190481,6994.060423233219,0.9618167104015388,0,78.51021683530763,74.56645549337746,52.03053117799031,0
32261,34,Female,Bachelor,Single,Tier2,Sales,Full-time,4,0,3,12,52.09656862009012,53.067559511402905,48.47327718599726,2.44949649504921,2.689427108829618,2,50.55520768158479,82.96694364589376,53.228515172951376,31.94519116559095,172.5446258336013,1.3290808018484466,18.746975595801224,0.75627926136538,5.269446204613754,0.3633247684579094,53.176545479979495,2,57.53283666271398,2,1,99633.74083192224,8.889399461600288,6178.132570121997,5469.2987858384695,0.8978528311624414,2,84.4391804701225,77.99518694358638,11.763778898628082,0
82200,49,Male,Bachelor,Single,Tier3,Finance,Full-time,10,7,8,19,100.0,99.95017853263406,85.98256316604322,4.852245007624483,5.0,6,99.33765465817042,100.0,79.15203440180676,71.65247987390545,169.94247644380815,31.919401062967264,47.04840615687537,0.8301054182878792,24.223155598528542,0.387313875012402,41.75080421155891,3,93.11689111595408,6,6,109400.36212419692,6.110510151821473,10056.20671904255,7779.23548568499,0.915861296129212,2,77.53974453643892,94.00036587764168,31.83868295816267,1
36291,43,Male,Bachelor,Single,Tier1,Finance,Contract,1,0,1,9,52.135757712335725,53.06713002542971,61.39188243780757,2.3618490300144077,2.1527430253339515,3,44.28294169218761,60.62630995660457,62.87452039472292,54.2816237075664,187.94470610723,16.324047424330622,25.103826339794345,0.8695886409746068,18.10457241823756,0.2925999437516727,36.092208018871936,2,68.33054893835404,3,3,131582.47783125413,6.387297088953376,8140.054345110057,5716.5190232270525,0.8873016644939606,2,45.52007995400447,81.17564946983913,28.782274971226396,0
78450,36,Male,Master,Single,Tier2,Sales,Full-time,5,3,2,14,78.03959717790632,77.99021224060569,74.26488489253256,3.882697326135239,4.111815023788925,3,80.84125918418209,71.2711873730116,67.66244513236956,45.15354739728812,175.24901722043808,24.334409961850294,18.60727282822689,0.6535018160828943,34.34051702865119,0.2877580623743895,29.15395379985485,2,60.48064612891668,0,3,117533.86828985871,9.166250379771665,12400.490859873898,4870.5024497574805,0.9180753185949676,2,82.12686860184999,80.0768645492253,76.0944085442145,1
60056,33,Female,Bachelor,Married,Tier1,Engineering,Full-time,1,0,0,4,63.90492095007544,66.21181912781506,70.90246898075999,3.2492461437652467,3.350305713538096,5,48.04316450891463,27.26803911180876,60.80453144561452,47.98811093244427,122.84426062633725,15.864090122113758,29.381454295105744,0.9465779062226516,29.0367740427803,0.3189848712158717,27.998900339844127,3,44.63914242534258,1,4,96927.61728595669,7.184868000014473,10338.438848512931,5565.245296427851,0.8407386584009451,5,55.248562174834696,60.46005597848122,63.7724160549419,0
45949,30,Female,Bachelor,Married,Tier3,Operations,Full-time,7,7,6,15,57.35809512863476,62.69188167624254,65.9514509637931,2.7298932322317864,4.092387249291967,6,62.44702463204186,63.507769823747175,57.68831766658206,52.817743767877786,175.12890658565232,21.258765935738246,46.91984139624328,0.8330904986532351,30.825253168229807,0.1676837090992292,22.391768957907857,2,74.97655851151629,1,2,84985.39146128387,5.86298246406851,8334.094924274217,6063.912947759217,1.0,0,62.38628147416176,48.06968559878474,49.4834165023032,0
28178,54,Male,Bachelor,Single,Tier1,Operations,Full-time,2,2,0,15,58.54145528268906,58.55445687555204,51.30302656168348,2.3487782728864217,2.21061995333945,4,59.74019298301781,56.44116535541114,53.47133486849396,59.98177780463175,165.68607714965643,15.548624033210915,22.988245961683816,0.7863043657771841,33.52768551886122,0.1049027492049637,11.924974181490768,0,55.98248636088428,1,4,97364.20493903127,7.268141938357322,9074.100355076103,5352.991208991232,0.9684681554906344,3,69.3751906163877,48.07611743624429,39.81730986200201,0
84464,43,Female,Master,Single,Tier1,Finance,Full-time,2,0,2,11,49.28745734868079,53.6693422543535,58.39619845641096,2.275948586845415,2.399686322813001,3,50.23638752929243,66.65128093419041,58.6615893793287,48.872195068177696,142.6924389373417,9.700401788958535,29.88841872959246,0.7910875226891497,28.06971918273482,0.5162090486433915,32.533820535852016,4,65.53362762298849,1,0,124308.8668024768,6.363325698035996,8961.93913639091,4579.665188323261,0.937047048203294,2,68.22213392654852,76.47263464977054,83.26921097338982,0
579,49,Male,Bachelor,Married,Tier3,Finance,Full-time,4,2,2,15,67.22453055280822,62.26237615652665,68.87275492258307,3.536999609015496,3.58179720561894,3,62.05969245607975,75.90745260440445,72.20625574731368,52.01831725603807,162.79973479546044,12.767246681591404,29.50546594828755,0.7685622728221841,20.92357124339025,0.4214956035552413,47.3779200767609,2,75.6019168119668,3,1,68696.57681901685,7.976582940858961,9246.920782625632,7905.745457993108,0.8933810678704636,4,51.24624881035071,93.2884668459502,45.90262662877759,0
30960,59,Female,Bachelor,Single,Tier1,HR,Contract,7,2,3,8,81.33125752159401,84.53152752587522,67.00127237590566,4.281765052179293,4.323297747725245,1,69.65915982812017,49.23311136220316,44.66176409519804,68.60858596920713,143.5682361427658,14.006215633627164,18.39167570129362,0.7511883171104541,18.864825390666123,0.2020170339948789,45.32081739414046,4,59.07359944674612,3,6,94845.82037405664,7.470596678909426,12115.859295720336,4274.024250635866,0.9359720822466576,1,59.62509246008912,79.81005783135245,70.45211980950423,0
64291,46,Female,Bachelor,Married,Tier2,Sales,Full-time,0,0,0,15,97.04583921730466,93.20364582953356,76.66284178093568,3.563149761078452,4.052745585674105,9,95.07252434375454,87.77282494619996,78.49422846679866,60.81455547552919,149.8071927056695,29.6398460212126,63.38999046882833,0.8211234580868497,28.221324119889594,0.415727211269742,42.62152298267485,5,80.98596093795611,2,3,87758.32533142087,10.569760094960674,13883.408507687262,4436.765578480456,0.9362458078953207,2,84.71809453714275,77.72087728688965,78.21316879864511,0
14532,46,Female,Master,Married,Tier2,Marketing,Full-time,4,3,4,7,88.28860355419722,83.11331744734368,79.74229795355257,3.4930547939921524,4.702927333042887,7,80.01561092190695,94.82012500613254,70.86772540524555,62.02939625152615,182.6071035558626,10.900181047215378,39.48739546978,0.8421504023311607,38.94505340730939,0.4412662993431968,52.77605376092223,5,69.72333429699687,4,5,89497.14130012025,6.3316629766669,11548.046840554567,5932.708732673075,0.8682730458042317,1,59.73709772400103,66.13402048344265,76.25387863013351,0
17934,26,Female,Bachelor,Married,Tier2,Engineering,Full-time,0,0,0,4,59.585028485604994,54.62615572364857,57.39525349753896,2.9229151416294434,2.154884296118672,6,54.17151523007187,76.26647151552186,59.0093593377419,70.5734844613059,161.4751903172911,10.092618554789912,41.40788281177466,0.8172582173426682,42.737992111698375,0.155314033704025,41.4709439410519,2,74.39612737192118,3,1,100271.27912928956,9.099377305887211,10112.559130074114,5678.668175150739,0.9035421335768417,0,41.45559856524725,66.35495538559493,21.027199842455666,1
33609,31,Male,Master,Married,Tier1,HR,Full-time,2,1,2,3,75.96498835493628,80.36190451935853,83.73494049989802,3.3158134811219857,3.880775091152004,2,69.77800354469748,62.94689187760295,76.75682201353592,62.33317522702435,161.95777902852743,14.852336076867523,15.613535867901824,0.7163708394249126,11.689209408348882,0.4750957590411612,26.74921218101978,3,80.93805302199142,0,4,97718.67845396824,5.048056357744349,10729.473885988506,6962.319790765741,0.8989622724614007,2,100.0,36.53110650133649,37.44917033107954,0
49960,34,Male,Master,Married,Tier3,Engineering,Full-time,9,3,3,8,63.42769661476,61.940533831316095,47.63001954772386,2.472490531617858,3.5927885629912395,8,57.88043526038359,65.7063778108879,57.29550397238467,70.24954244279391,188.6714932529632,18.27633320285432,58.94494465279618,0.8375556596453461,21.301216987256588,0.2137552630265896,49.904869677030185,1,71.39262755776736,1,3,122077.25541500033,5.081246762167925,11013.71006636797,6099.035908745251,0.9668773976616076,2,68.4160399532862,83.85667419520948,58.28520351561924,0
66599,51,Female,Bachelor,Married,Tier3,HR,Full-time,5,5,4,10,94.28498116204274,88.94030678490952,72.11830567217802,4.360041323386356,4.902398725980565,8,100.0,76.53020549431983,61.49601798572785,60.14681705726272,459.93176651282687,5.823827361885547,14.029450234586626,0.78873738130127,8.379303312015423,0.1072159887806166,114.09861936513404,4,63.36141068103221,3,3,314401.0631351465,7.454859686660271,11665.194644585728,6757.083529676353,0.9412045335626116,2,75.45942814394803,74.16599849794207,27.108026257839096,0
99090,51,Female,Master,Married,Tier2,Support,Full-time,2,1,0,10,75.12237099352225,79.45639860768449,79.53882271132144,3.34838356861829,3.139946995364163,5,69.16013988156195,80.70447202175153,56.36757161825992,67.52753492066287,159.54184837916887,15.856188355389117,28.910595799406483,0.7808740679563578,39.54827315807911,0.2778332115854432,66.32316610379806,1,76.57511491834063,1,3,81770.58302777515,3.059660260561677,10708.328530644483,4744.133920205029,0.896042936446449,3,100.0,56.36334684791063,45.51829157101114,0
34452,38,Female,Master,Married,Tier2,Support,Full-time,4,0,1,17,72.0147883245286,74.96889620708973,69.5514643213293,3.258558935368819,3.3128287177362963,5,80.90115782675065,48.7887148041891,46.08825725674661,49.94007500540593,135.97457209456724,16.318919575443815,23.85640902614726,0.8062709792212284,26.968973657777656,0.2107695641827991,25.370354975260412,3,59.45127731427932,2,2,72157.27641068613,9.860391019792711,11353.285797330787,4348.029441042774,0.9911887329402072,1,58.68816064889889,30.58290976491124,64.52035260656356,0
34081,23,Male,Bachelor,Married,Tier3,Support,Full-time,6,6,2,8,88.39081917768074,84.19229710312628,76.34427134632202,4.494289192236411,4.715918739194255,5,93.92629790330535,37.008392904158754,50.71019422471588,44.17754277493307,182.68603399717293,20.41294874073874,42.355521742574126,0.7011548355259657,26.73671586714192,0.0699083650095176,33.4509236721679,1,44.636409521799166,0,0,71274.16830790309,6.891866881623649,13965.209806465771,6053.146188498951,0.9636967806694297,0,79.46897303607882,71.24766518206978,84.89882162233465,0
63588,34,Male,Bachelor,Single,Tier2,Marketing,Full-time,17,4,14,19,71.89430696260183,76.4351555355123,70.3878914574658,3.264441946196527,2.83129829415794,6,65.14622613656282,42.14098825589869,35.92842035173713,42.69668489638174,205.31975194611732,17.809104175324784,38.008745650254745,0.8390938275677934,28.771721958236142,0.1980059421739355,40.5643351040566,0,54.19061866676991,3,2,127279.52552265552,6.767022094257595,11646.5379262624,4226.781836335347,0.9136910651333032,2,58.20611637845863,39.41891904703867,54.21362986811235,0
4294,38,Male,Bachelor,Married,Tier3,Finance,Full-time,4,1,4,16,45.77903987057478,55.98832067613777,56.63011303442264,2.6094693075666613,2.2260604033038813,6,53.085448799452216,58.92818795219438,46.02305095170895,71.90212320470022,146.11194348190656,12.022349944898094,52.87342762017927,0.8271021563637947,19.04501881429963,0.0364236241332982,28.367746580132696,1,69.60240539035497,5,4,102422.79575670074,6.191095448267332,7942.144237451086,5328.191815419146,0.943865998801306,1,68.42907865079579,76.93628535230515,52.11539931827635,0
69103,29,Male,Bachelor,Single,Tier2,Marketing,Full-time,11,10,4,10,72.79144437124086,64.38579558575988,60.57527366432678,4.033935171205043,3.883220889916217,5,62.79783993021424,57.89449091943574,44.362530837720016,60.08355831119425,180.36955221718765,19.63980555709551,45.76477421503817,0.8472204620036691,22.07698616316893,0.2406725013961444,45.06812387834354,1,67.57801409414454,3,1,98224.7968500382,8.508753612275191,9436.165957549094,4503.063459545012,0.8915980518968132,0,100.0,61.500180445897776,29.8268742264851,0
86412,23,Male,Bachelor,Single,Tier3,Finance,Full-time,5,2,5,10,41.9955953516792,50.07946546459005,64.15105055440111,1.0,2.583224627936381,1,38.62671630055844,73.41741077454539,49.167758713480026,70.22009296608728,150.14285410652,8.793744846068845,16.529774562996813,0.8519242663115153,30.776313587589343,0.427931422422455,62.0871632369238,2,79.32374442652838,5,2,74000.16286078715,4.7942117785833736,6357.308627703938,5297.93451744292,0.9918898863024204,0,77.32685578364935,82.52508969569813,78.79814574995785,0
99477,49,Female,Master,Married,Tier1,Marketing,Full-time,7,3,0,3,81.92111942406376,87.48955351692817,80.58305465979828,3.902230354704664,3.410471880454937,20,78.82463358658136,62.69131311327822,60.384802332661856,50.8945355262468,318.4605135473427,11.10252406048469,13.51566901590938,0.7274831525569985,34.777679372178056,0.5422356742776152,150.0855893009757,1,77.29966576007033,4,4,351308.80793302075,7.369136036684504,9040.57741656177,6291.298750980182,0.952525426522834,3,62.46471499871417,72.26098774847016,69.21494174476598,0
53930,26,Male,Bachelor,Married,Tier1,Support,Full-time,7,0,1,4,56.22239721236622,47.29080635698713,44.32427114214997,2.7780793989742127,3.793345129492932,3,68.91712594608732,77.19378786790405,65.12713868225684,57.06546571788285,165.71936498524548,16.42720170358011,23.27004007267506,0.7077607367576378,28.12507489172009,0.4600944190995762,52.78434054383349,2,71.76705054440802,2,7,76173.79659140202,7.787337651818536,6568.044548734195,5235.073611210522,0.9768218542432984,1,62.85945620266432,67.71968106047488,65.49446297470757,1
87071,39,Female,Bachelor,Married,Tier1,Operations,Full-time,6,2,2,17,73.0383325689177,76.23718497383062,72.31781454050137,3.697098083381141,3.790890412409498,5,76.96772285573965,86.68410536852161,51.68790766032448,51.71596366986544,164.7365393202088,9.275989704814249,31.266143141250254,0.8177609371925247,20.399491198305576,0.5383678490396073,45.75794779308224,2,65.61753776836127,3,2,110021.00415723142,8.16697894359972,9536.475398857032,5205.807922272745,0.7746107070344285,3,50.23322500862268,77.61024485841111,75.35572206647416,0
65084,27,Female,Bachelor,Single,Tier1,Sales,Full-time,5,0,1,17,70.29737143772778,70.41183369701582,62.37185518513232,3.718052978678678,3.3887642483771003,7,61.4412970003108,63.47417931472146,46.10818722691585,42.00260524975184,171.98498120908425,24.936830603179143,45.99175996712549,0.7963183914907147,29.75522014236389,0.6681428990182007,52.33366932141572,2,62.695093139603244,4,3,109869.14139656653,5.690494092938694,11148.007759702366,4638.008937484043,0.9474321956859793,7,71.18659156707753,64.41787145903234,78.56068721102447,0
30713,37,Female,Bachelor,Married,Tier1,Marketing,Full-time,7,2,3,19,66.84522504076618,77.05823277624401,63.50149698711701,2.442015920864544,4.434586061027963,6,67.04012136389366,86.32495985906581,57.63489175429719,62.14204236634832,174.35772065555713,9.26803465298748,38.34062530804733,0.802921666650947,29.561787144808896,0.56830472374565,47.86492676358246,5,80.48255759152657,1,2,98716.58821344412,7.744778599091272,9941.002258231372,6377.008977425705,0.925892799527926,2,68.41085998341254,83.93789902830878,69.0944546311463,0
49183,27,Female,Master,Single,Tier3,Sales,Full-time,0,0,0,8,96.19086476181432,89.19013774769958,83.98854983758937,3.8147401449791616,4.475288013973906,9,100.0,49.2942428806423,51.00999907351339,29.46708343987328,154.8180538476998,20.48129884309688,58.62221070370549,0.8147837655071268,32.1710516488978,0.3347272596823607,33.6476699305734,0,48.09263555833248,4,2,72857.46626002374,7.59669950482912,12856.37696739882,4666.6291332888495,0.88337677313557,0,79.01543474755039,79.98446307874212,50.04038808035469,0
57235,58,Female,Bachelor,Single,Tier1,Support,Full-time,8,2,3,5,52.36365627944571,50.13840190112286,40.0,2.833019733826945,2.2199962402417093,3,50.12674014827681,71.1640321965487,48.15938112560285,56.56499430234037,166.217610387922,16.68524030719894,14.35322297285055,0.759927612622788,11.792216682907066,0.2271677030748165,38.31591572129568,2,72.92518304866154,3,1,80894.53539827629,5.239995981905194,6677.7984516737415,3902.410088935096,0.9697273690107108,4,48.1550919106848,74.41800922505021,25.754024418520537,0
15664,38,Female,Bachelor,Married,Tier3,HR,Full-time,8,8,4,8,92.76254350163036,90.8489784985449,82.46443781332655,3.629596154823245,3.553830782446949,4,88.59375730498698,81.84439736524543,51.26525296995383,56.49635101773065,378.2412587254217,14.941477827692651,5.317864633767519,0.7723128506268534,17.730014086067523,0.2026519238154527,127.1463871562164,3,76.20339380319567,1,3,268920.0999019384,4.401028151160633,12309.21011584082,4534.691773169899,0.8967081195169214,2,68.72014874299,65.00736523716581,69.82833306091696,0
19967,33,Male,Bachelor,Single,Tier3,Marketing,Full-time,5,1,2,8,74.49204656473773,70.48031510771813,64.72547593535728,4.134663670461595,3.237080357435492,2,64.85188641388132,37.54963276197349,46.19755079725211,52.70740983265045,170.32126502064364,13.538679140401989,14.631987034516149,0.9020858219834228,25.353558382125,0.3524391691967417,64.65594029222463,0,49.40192348285181,1,0,94181.69003110204,9.839752024472157,13560.636452164856,4644.444648518027,0.9176722147219888,2,24.561430969499757,61.260075896004615,74.4547704924136,0
91913,49,Female,Bachelor,Single,Tier3,Operations,Full-time,8,5,3,9,78.99615144122723,77.85787497870425,81.3325388602563,3.895459258355984,3.478787957831093,3,85.83249048676875,61.96471276583306,66.02602752490662,58.00974698233512,150.08898875938485,14.532560091438004,22.901750420703927,0.9541369627319386,27.28413107508381,0.1487250025324314,29.634320813147127,1,65.37552110353319,3,1,95412.29896936534,6.477410817806213,12482.648903275998,6919.97539899287,0.9592229120325596,2,68.99718764468732,100.0,49.25281337250564,0
91958,39,Female,Bachelor,Married,Tier1,HR,Full-time,11,0,1,9,46.82543569212323,40.0,43.978716128302366,2.1347833358920525,2.1091328374600646,2,37.08585079632044,83.44714154574635,56.17843651888833,69.20332702983471,170.94024044468205,16.60551628202857,15.43131863162284,0.963825982610924,24.59627072451516,0.1954940245135062,45.11307360181606,2,83.71244181374824,1,4,89831.43110605386,6.22580570641737,7080.893850531238,7255.451130520965,0.9948489133666746,0,86.43919187889071,72.2942411959422,53.07453706532839,0
81347,39,Male,Bachelor,Single,Tier2,Engineering,Contract,11,4,5,7,77.5535082400718,84.41648162547544,64.71085818303266,2.2326673315001173,3.218763743038404,4,83.36720875843358,85.42790501808504,59.00232721840755,54.44536678077064,172.73124431078438,23.557188784452777,24.89540211545445,0.92498198321541,23.551253860418,0.192000697890691,45.762328336068265,5,62.94109012119862,3,3,111432.67541172936,6.714665549916044,10073.475084576226,6228.719009539787,0.9440004122963904,1,68.8136427427986,80.40618648033737,56.62652783119768,0
55326,48,Male,Bachelor,Married,Tier2,HR,Full-time,6,3,5,17,78.23252412481553,70.51554813522569,68.90706552848665,3.3073550959167126,3.5163783305743146,1,76.8952546105801,48.16916220469678,46.76557913629818,59.93731016712593,140.2425981127924,10.795522156129374,12.04142668496922,0.6936698530232885,26.7245447727366,0.1732645624219832,31.881812956492816,3,48.63197367494263,1,6,89346.0399032232,9.397288192227348,12404.496422223943,5703.0226166354005,0.9939393023295696,1,70.10413536888323,75.17964499254698,21.205646240560757,0
29858,46,Female,Bachelor,Single,Tier1,HR,Full-time,5,0,2,4,44.63191316778505,50.91326775271227,46.22682378466901,1.9082806895653688,2.7638681444810635,2,32.0809811621323,71.40146889788782,57.17006649766227,61.69102905952981,181.05480994400892,10.884308336976652,20.092218782609173,0.7053741496216644,14.734118836323436,0.049703688305243,35.1177501977605,3,70.47196921857963,1,4,114409.88967030038,5.861069117908047,9472.740975051878,6118.757044299819,0.9220770624565424,2,73.88903927217885,60.63992508473481,11.652432755941833,0
71223,55,Male,Bachelor,Married,Tier3,Finance,Full-time,1,1,1,7,54.37412540431182,57.56091810291409,48.49008040323233,1.524087074552104,2.1618672145065942,3,59.373648375392136,21.50674555585553,30.705502470680727,25.75782987282454,167.77538003109368,24.568269248471218,33.391330063999064,0.7933770176545989,35.71796276209528,0.3971801626087184,55.91056389119453,1,24.83514693462819,3,3,75817.3251302991,4.537973746048492,11351.709671612303,3693.8637425542074,0.8609127073970284,2,79.57097528100348,47.04455971366802,33.21192609547039,0
52459,59,Male,Bachelor,Married,Tier1,Finance,Full-time,3,2,3,7,76.67313018021055,76.14784552360256,67.97625477563619,2.528855793957713,3.8167582140265934,4,86.51148499381483,72.92849623713799,73.22931553566936,58.74647055465161,159.39148448235383,17.421770648254036,24.59816989618979,0.8314317392358453,18.9378010032731,0.0732605623889206,43.66796730864423,2,78.51767292611297,1,3,114191.55684535964,8.208576756109025,7374.108519899406,5740.979876111948,0.9437369912536197,3,84.5903336264315,65.7643629188064,38.24571190024934,0
88346,49,Male,Master,Single,Tier1,Marketing,Full-time,5,4,2,9,54.72937574817743,53.65676146529962,52.39320718210709,2.631376613323073,2.420492764899824,7,70.68452257522569,79.74089017998774,47.39500325681997,46.43748180028103,188.7565119771578,22.1795795735494,32.421290448267584,0.8805205421810303,18.08917860618051,0.3748241665146751,24.89755842913327,3,64.14591537567023,1,7,136124.8906946929,10.357669795120197,8489.12559979544,3887.4142621356887,1.0,3,78.11962238554683,65.71129054279807,24.19642577984099,0
82364,56,Male,Bachelor,Single,Tier3,HR,Contract,15,1,13,13,74.78668771139968,66.37934316240322,59.12330562676794,4.434924970044424,3.891888133986246,2,69.00614813363508,83.0327784725806,65.17378701528133,45.604218580360296,169.24060529218727,11.94282375026973,26.68256317193328,0.8755615434394135,36.30417426588282,0.212476275298731,34.98968797200566,3,85.7676520744514,1,2,96175.30237931378,5.737032898844573,9846.272803110996,6582.978589027427,0.9122073621868252,1,59.04482258368186,81.71142515257685,52.098414283271545,0
65350,38,Male,Bachelor,Single,Tier1,HR,Full-time,8,6,2,5,95.64801424201922,86.43659963291663,80.52607778383107,3.443697794640456,3.983545574687115,3,100.0,76.62582690369165,61.59818328491868,67.3539150662655,149.4754711548735,11.68274998854203,25.307910808120223,0.7923363481593273,25.457624288192616,0.1116606372287355,47.7654998754256,2,70.05759225621583,1,1,100092.16976369177,5.631021804097296,13446.460029504087,6543.235033385239,0.9201695199930636,1,85.3716899656047,81.12918430862315,75.35519009749653,0
59650,22,Male,Bachelor,Married,Tier2,Finance,Full-time,8,4,7,17,70.6546245260982,59.60080261417692,68.89349634580769,3.960326254123276,3.89845768910637,1,76.66960137118792,65.14028270422044,58.55386278395825,47.00685344048827,190.11260676263709,9.90278613124348,27.19212922539924,0.8681814166825003,21.64138987154992,0.1097133683528494,19.947537393159436,3,62.69321746300992,2,2,108903.44696581524,4.511496820467979,12719.256803847022,6154.214736103972,0.9133443376167484,1,79.2589952615563,73.56436875637627,52.34810937290491,0
44953,38,Male,Master,Single,Tier2,Finance,Contract,5,0,5,6,91.46810591224322,89.03986668697334,74.11500342891843,3.018016127638924,4.333275485168231,6,97.48521696501824,68.81018621613856,58.43608053565291,43.46440443108122,176.48594162161237,11.314708462799414,27.24971249893869,0.8263311331663328,38.06551986705724,0.4955815647978954,34.77632395128985,1,72.79950596317448,2,2,110125.8864823312,6.619306663899187,13784.982942965453,5132.100442220568,0.960540335676657,5,48.202391276348905,81.2166361132956,59.64425144779139,0
39526,43,Female,Bachelor,Married,Tier2,Operations,Contract,10,1,5,12,71.48298678181202,71.22840299251833,68.75725428002525,3.741904829062398,3.217363132986351,7,52.14313861012943,75.33115042543305,75.99000765413456,47.08656419754027,180.6233680196826,27.85013419637689,46.4682117338951,0.741452132082276,27.732100000251556,0.0546128432069099,33.134407806142264,2,75.99402506470862,0,8,113728.25102562596,8.450299296751712,9351.141674477383,7451.926631416768,0.9397335002337368,0,70.34066333831316,59.2412027148422,45.34344305087633,0
13936,42,Female,Master,Married,Tier1,Operations,Full-time,2,1,0,5,66.52298629889502,60.61018332054866,62.44549147484661,2.4506391655377744,3.5512768265587384,3,58.17089460322463,67.21022088651439,48.764578711276826,51.39948150893477,151.8521600040581,20.01081219333993,24.308460061271237,0.8026004791852129,24.37324227651496,0.2815563961190861,48.95415290545287,2,65.33715503415304,0,4,95819.13150253647,2.760053941171252,10442.287448058403,5178.175791314574,0.996576345183942,1,87.57753200102296,70.04556669369023,43.71623231761532,0
93781,58,Female,Master,Single,Tier1,HR,Full-time,4,1,0,7,73.07165529140909,62.340570119978025,52.871222308551566,3.3599873074773745,3.5646920794616674,10,50.44435151974022,91.48057811650564,51.66749189411309,53.209354755420726,166.52648266384907,18.988174249968523,56.50403508690549,0.8020433860667694,25.548413619100565,0.0737579803817336,49.23219604958671,4,69.04303388436713,2,2,74229.18971903532,7.90016362718965,14168.03672564463,6126.058582264004,0.9183078021236696,1,80.62450288353938,66.9696439181367,17.646240286666647,1
89885,37,Male,Master,Married,Tier1,Operations,Full-time,10,9,9,16,62.69935482637947,57.49069973005181,55.04348897753905,2.834506209967344,3.290874992907839,5,70.20066948547982,76.45132381953903,70.2247937972352,46.21059032391504,168.33340743096574,14.660308024356135,46.59382569320674,0.8124399970783832,33.81013600449732,0.4627365212291801,24.584742705295508,3,70.97744155332391,2,0,96362.02328495288,8.007253621463336,9010.399999719655,5376.987783406522,1.0,2,61.91598750061128,79.66742619182564,38.243707468645866,0
81144,52,Female,Bachelor,Single,Tier2,Finance,Contract,1,1,0,15,60.49362555610514,55.27129033779288,57.44942126975332,2.5540319118835453,2.830676498359808,3,83.7387352562047,75.3366110563608,63.21618322704754,58.24725963977477,208.4152160268111,13.212092266009629,29.70206516668541,0.796756353670774,29.147811175504927,0.1317617932180398,38.156618869078486,1,68.70462486783947,2,1,93827.33883085373,7.316340614121174,8351.51020165237,5055.400002437314,1.0,2,86.70518011029266,63.067927319610014,40.46198395646729,0
95800,32,Female,PhD,Married,Tier2,Operations,Contract,9,9,1,14,69.98473171627631,67.78779861107448,55.90149839234942,3.001317006327461,2.901444097552354,3,67.85028600392297,53.021259414653215,49.3250626503418,65.80646175170031,186.78741203271107,1.0266709921454495,22.07329601937069,0.5928879914793788,36.90910654557307,0.1308399624512945,35.82767322863094,5,76.49766526918077,3,1,83013.4313965898,8.777144733507068,9859.548293690052,5095.17579037393,0.8388483488584657,3,61.09643337100789,58.31168012057392,36.15738633754214,0
89405,47,Female,Bachelor,Married,Tier3,Support,Full-time,4,0,4,15,83.11888344683885,79.94615517456748,81.41391973084534,4.083504480923525,3.2498323970958296,11,81.04127532399642,61.4099236083563,61.79016520657494,42.57694193838716,160.78140505734206,29.51173947890431,67.35713008505091,0.7837056524844683,21.06974942855663,0.1675726778913106,50.23690468036207,0,42.24849907935251,3,4,75583.19761207889,8.758702293461624,9568.436116682116,4553.252624762648,0.9324973028125204,0,61.72637193459089,61.89176287257453,36.80178623436654,0
55224,34,Male,Bachelor,Married,Tier1,Support,Full-time,3,0,1,9,42.64146808159816,55.56911022800799,54.31214419263074,3.0933583448313757,2.7240828908683423,4,45.15820320374781,36.18554967829768,47.20829169547868,31.43935733716184,152.1398466157694,27.94438605289843,38.65251812561928,0.8312061081408436,25.426081176055167,0.2396636243295937,13.835456706048191,1,42.71430674465861,1,1,62917.69450204074,7.832292032010491,6215.747752905983,7184.977714811304,0.9035504905218896,0,58.71796178370421,69.7126923932147,68.85950246559496,0
73646,49,Male,Bachelor,Married,Tier3,Finance,Contract,2,1,1,13,63.56569843368357,67.64717508496754,64.40779391672213,2.419010840342964,3.4674668321409423,3,49.664258347329394,60.24870964602303,67.50812433093266,55.79602870729242,144.7258280184533,28.773363598832127,22.16192462632616,0.7358507577832408,24.3121101687735,0.1061399367410122,60.22258930970299,4,75.00033382637596,0,4,87523.80610580763,5.307941191630527,8695.4960971193,5664.123242562556,0.9130708823723284,3,96.17018968790704,61.26229945735078,53.95230612722396,0
66294,54,Female,Bachelor,Married,Tier3,Marketing,Full-time,5,1,3,12,75.80559059343085,71.57094382609259,61.83297036769291,4.096686730308872,4.24691877522723,7,82.11222091256414,38.75208857442872,40.69218115638027,46.29249928875094,175.41596852720775,24.246834733223206,36.18419882858922,0.7953083138779704,22.276044586983875,0.1409687579237264,43.204226579992415,0,56.94900604130497,5,2,78605.20917233282,10.803960107442077,13633.020571235162,4020.249046959525,0.9374874484452316,2,71.59798739270641,63.654079421252,42.66736575482221,0
65540,38,Male,Bachelor,Married,Tier1,Sales,Contract,10,2,10,17,77.38034011757416,72.98305598159573,67.45224366457887,3.4854440391882693,3.4317945773649483,5,86.09156549076425,71.5313178284292,77.57405034555399,73.95610444874974,169.2051051368499,7.670677456731736,36.696094993191565,0.8648757930708717,28.462390339118727,0.1180994300043754,42.63709635748122,1,83.4342174591048,3,3,148932.66821777658,11.08001030795241,10864.419146957422,6546.497644845035,0.9037045383099584,1,75.19756130862682,82.09743451785532,20.13030501996878,1
28111,32,Male,Bachelor,Single,Tier2,Operations,Full-time,5,5,4,7,46.04342499480217,49.31263224270094,56.50671538299781,1.5935827810771843,2.113112787561674,3,46.84852155506459,71.99499225243065,48.57360322001911,63.40812398762238,163.9243332164247,9.000331266716763,21.83278720345899,0.8175278731072745,22.987010773277188,0.5147261812804571,48.06956088535675,0,68.65879718646202,3,3,98736.11433334826,4.635770822823661,11046.181728205956,4427.591978545939,0.9802699293495886,2,58.976257167949,57.712517805865005,64.8421489238254,0
41929,36,Male,Bachelor,Single,Tier1,Marketing,Full-time,4,1,3,5,67.51438968856327,68.65481660786105,74.77520128993484,3.3510678070905717,2.68418971794414,3,73.59914128648379,97.84830602792788,61.23772791637612,73.03753936486973,148.03229343583976,14.22620019089615,24.228071897182065,0.9962524998549064,23.36837334975366,0.2927882518062543,37.2448140222718,4,80.2158354375037,1,3,79336.52185478953,7.967738185194594,10176.336683197766,4322.8593211066645,0.9703967433429316,1,67.19463532549378,57.56526441612095,54.02675297630466,0
86547,44,Male,Bachelor,Married,Tier3,Sales,Full-time,8,1,4,7,72.07844305341534,66.92231822440931,60.9374333397772,3.7136072856594624,5.0,5,67.51547073354713,71.0790631997777,47.61942125001717,66.45174939251699,166.38662031930795,16.056094842450854,33.98556785986557,0.8278568311101411,18.533132976269503,0.4514005577680922,40.7452953280323,1,81.21601896366232,1,4,87904.97796111889,8.491994069171586,8098.6624414169,3961.619486523101,0.8465497569262574,3,74.22934341722383,69.71425848074551,24.065724750281383,0
82586,38,Male,Master,Single,Tier1,Marketing,Full-time,1,1,1,12,99.3715579826879,84.26505010678983,79.11536463204995,3.9933201341166296,4.809871777509569,7,100.0,74.40522935025484,63.40420171792984,59.31397282374303,164.63939766340573,15.90186135222155,43.56268756436096,0.9005897977926445,22.373302160180412,0.2475100159151365,27.91897611570524,7,76.8764004587913,3,1,96924.80348794376,6.756156097846474,15258.988128044322,5725.140004961109,0.8304654105071363,4,43.18500816289756,100.0,63.00650836278991,0
38604,47,Female,Master,Married,Tier1,Finance,Full-time,6,2,2,6,85.82462822049592,73.52977135999544,75.00262950109423,4.86454340085289,2.236637574486502,4,89.98506936893843,68.33173468563857,72.0869121742727,52.27508211602051,149.9557760493979,6.213047482561803,26.98293696784581,0.9105154794616126,23.643114707414394,0.2239644184931412,32.907644302991294,3,80.17028794528878,1,2,99382.74076664576,8.820428406229292,15233.708061803762,6812.514744932624,0.9451366387330444,2,38.71285421510952,93.52510029802352,85.79058609303365,1
91658,25,Female,Bachelor,Married,Tier3,Support,Contract,7,2,1,19,72.71150079649088,72.12250859043203,60.60540510415691,3.956800699833067,3.720118776092477,7,67.34724866788528,92.70721932096212,71.89861255435014,42.79938999647746,177.6466505272277,5.489059979473259,46.00718882119824,0.754371288174777,17.19063299670748,0.3346074461799535,49.9344628093536,0,61.21522407729367,3,4,85861.5834941574,7.450623352881442,9516.063653527171,6836.704877322987,0.9584112125091632,3,32.591932536208255,95.13338733352995,53.87822046474906,0
62787,58,Male,Master,Single,Tier3,Operations,Full-time,1,1,1,5,80.91038628519003,75.81982714217486,65.22419518550375,4.385478012305352,3.097027691192113,4,76.54336460455478,86.14567520946996,63.32406048364808,69.25929274382773,145.04503385837933,14.595734832720224,36.26133357670372,0.7140178948301574,24.026995942678862,0.4018701947144705,52.41904937403103,1,74.3225283738884,6,3,89711.84313727202,10.469862784244034,10595.997709045696,5097.156656421641,0.9597417567120782,1,88.92854916749337,59.84518958965454,66.29768429806116,0
84341,30,Male,Bachelor,Single,Tier2,Sales,Full-time,6,4,2,5,56.569939974434526,56.22790918614982,48.9309697896909,3.041911575447441,3.544620509104256,5,59.94827083154286,36.97381640124221,56.7068732652305,74.26491735268564,175.36577508392156,16.569735424269933,33.99917588902076,0.8411068636950909,23.917268885589596,0.5045038123411987,49.98934328191669,1,55.581118354546575,3,4,127234.13366178336,8.766122197602543,9437.030250270906,5896.358171596603,0.8766783908425391,1,74.99972099699171,67.87301190662885,35.09718136489073,0
39875,33,Female,Master,Married,Tier3,Marketing,Full-time,6,1,3,6,52.849054875529546,51.830475443071485,49.35638097849119,2.7166336852979684,2.9663293663974137,6,41.19560824131035,90.81833328820048,49.96425974589524,64.62340227536058,139.6976998746584,15.886705402811405,39.37249401394527,0.8215979292072225,18.612998086369256,0.6572805607809815,53.35809408864026,2,76.05718094962315,1,2,65702.90405224281,9.055351705160184,6352.37814905486,4428.91254776145,0.8738268522274825,2,83.5858419675831,62.27125893473779,62.55261945611811,0
78469,33,Male,Bachelor,Single,Tier3,Support,Full-time,6,1,1,6,90.1748197800062,86.88740198806082,84.84659455966663,4.9714212878762645,4.5591609605419965,3,90.0726333076474,76.71050183863463,64.38080986948334,60.68925486104183,199.1321845743261,23.632874060747323,24.21765970512733,0.8303167161655725,30.038195543889948,0.3228743691418643,60.17944779558627,2,67.92832080107145,1,1,64723.60883035531,8.403576994791491,12114.21788161015,7323.293619030854,1.0,1,83.61831024550654,64.49189573670492,51.67149597825662,0
31632,53,Male,Bachelor,Single,Tier3,Marketing,Full-time,1,0,1,3,40.0,47.699516036249406,62.61523373038711,2.0120237774044454,2.9363293615266963,8,30.0,95.78370664159594,63.32249710267021,41.03262563039595,172.5906628590645,22.59989251418931,44.5622967924292,0.8277700759339847,36.59879494676704,0.3413859815059885,37.345285954054006,3,85.79031280489862,1,3,91978.81271921843,4.453305226560515,7420.08496057837,4987.391026158057,0.985833043374796,1,57.28670028916506,53.906557162072296,73.90607251701567,0
14953,30,Male,Bachelor,Married,Tier3,Sales,Full-time,1,0,0,5,95.8022736653406,100.0,92.29470470161016,5.0,4.417113502516486,3,100.0,61.05014485005536,74.82626644368048,47.49533458153456,145.95586026248378,29.80468920979244,21.49494235710433,0.9644646803084498,24.54184147512621,0.2943159664202602,45.07763877940965,2,48.31952813259375,2,4,70808.2917070061,5.120556708337386,13880.313554018814,6972.001087547575,0.9773888431431632,3,54.45395331954465,91.21301196765953,49.349339323024815,0
39332,42,Female,Bachelor,Single,Tier3,Operations,Full-time,6,2,2,14,63.73997533607181,61.74473094136872,53.062715429791055,3.448244076182651,2.8159878501200657,5,50.95876293449688,64.07971712758746,37.331637713158685,41.8984597405671,185.8216472038065,10.709305744900911,37.692293623692535,0.858053154980877,21.27489466782715,0.4148987593789276,25.05785421589073,2,50.97656535620425,2,0,64645.11167230044,8.014092604133472,8528.84751329765,5666.939159690244,0.920287034456395,4,50.05106797033014,61.05347860771492,55.5370268941585,0
48588,47,Male,Bachelor,Married,Tier2,Engineering,Contract,3,1,3,8,75.94461509528483,72.65742152218098,58.27367971753983,4.23674919653648,2.601551131489595,10,92.35072908445626,100.0,65.11534885573943,67.98400261896957,160.433361147579,29.121069690691733,58.58425856144484,0.8230936224440869,39.32911627087712,0.2794617039549216,47.46849640911192,3,91.37008037060356,4,5,96883.25479964094,8.37367003512447,11139.242565729164,5750.891650953441,0.9474199596670732,0,55.119285063265565,66.55763378051792,55.36185275310075,1
83595,48,Male,Master,Married,Tier2,HR,Full-time,3,3,3,10,76.21121970177336,74.04521058879001,61.9821161488291,2.5442940055045726,3.865412302929997,0,53.26368649355649,45.962848172481024,49.50794795621364,50.96903532006323,200.8004458289001,5.575724904922297,5.0,0.9360276902945,41.97660728806926,0.2742229009529051,48.4519910277916,3,55.02532714685108,4,3,94811.20766766908,5.959583828548562,9399.451737842646,5437.032315829304,0.9090461454707413,1,46.39648076637802,68.03187097120691,44.21491164357765,0
41488,30,Male,PhD,Married,Tier2,HR,Full-time,2,1,0,16,72.70632237525864,67.27037584597818,69.31326711319156,2.902451113268831,4.039567011028517,1,98.72623767255898,34.64008481960302,54.86733296143164,29.90738105659325,161.7373033039231,19.543110574655422,11.302997106352311,0.8178960884930512,31.690750965404057,0.6163181472903586,41.918528302571424,2,33.507330958815835,5,4,81488.27348894633,4.718005566916893,7896.912980928962,6110.678880851548,0.902969378716231,2,80.56915344581083,66.16245267205139,65.20756410653513,0
39628,27,Male,Bachelor,Single,Tier1,Sales,Full-time,4,4,0,10,76.37470768824458,67.49314751625535,70.22906772711836,3.802630231605383,4.169685521593527,6,82.35995879029272,70.11478924469127,66.94576756326649,54.17376912436035,169.79534543755216,17.56968551049953,42.89564722598232,0.7449551618010313,24.8939467416425,0.1865368277001051,64.02855374540982,4,75.77184694575998,1,4,117713.46842950529,6.892998611898452,11377.481915348324,6670.011491587819,1.0,2,76.97812462459837,49.00200454811485,78.15912993521364,1
87895,32,Female,Bachelor,Single,Tier3,Support,Full-time,5,0,2,10,73.46611149070978,66.77159667984728,61.68440736672635,3.53424867746916,4.085126905783577,3,77.32637894653449,71.57309011483589,73.17859805831557,50.44413467079937,175.61736951044816,12.961934799059554,34.28641484280078,0.8247189275969958,20.06569200874153,0.1112387062820599,28.469568442904247,3,68.95817933576444,1,6,84395.64047698832,8.399967180963543,10632.854083768649,5062.89890683044,0.9456710505350296,3,86.768772699971,70.02237845696644,62.255152120661165,0
26304,44,Male,PhD,Single,Tier2,Support,Full-time,4,3,0,16,89.36403855350405,77.7338155858887,68.09430337801993,4.286556794198295,3.9077052059056494,6,95.8107999553268,74.78207408391827,85.2591874979303,53.28755076440291,155.27789182510202,15.236980965381116,41.74932414057464,0.7981616366540748,30.378795306597816,0.2475481239306919,43.75032293033389,2,77.82896796164279,3,4,86114.52958434429,11.004326423574518,11884.488267121227,7651.386666694271,0.933244670781409,3,60.67414159610391,82.93700407282934,53.085767220106256,0
67404,26,Female,Bachelor,Single,Tier2,Operations,Full-time,2,1,2,6,62.12728925546696,61.215805901069984,62.42880863342969,2.5663399884079108,3.6868535957342,5,72.9140852108153,65.39174816248602,49.66887267946801,33.415500808719216,191.918336214194,14.878715105786494,37.710001846606986,0.7842556047015247,33.875903793826815,0.5474337168520633,37.81242749131573,3,61.26174040573918,1,5,94955.65786540472,8.883308158472719,8701.409529779707,6081.695280707159,0.8343757496252465,5,52.83540711007596,61.6430029582549,37.235992955917645,0
98085,47,Male,Bachelor,Married,Tier1,Marketing,Full-time,3,3,2,18,70.14072427090116,70.62972474923731,68.38184958067501,2.3616110116783178,2.995009961501447,3,75.76857858329716,74.14536942949525,53.24109024832727,56.20478490939755,175.1100679000176,9.025381471261584,19.863967511355863,0.943455918817597,22.93037387737818,0.4899706039319537,44.4674262728474,2,69.47951285426925,4,1,104267.82128955785,7.668204143872818,10478.262817555453,4336.261500190637,0.9757666944015968,1,95.2771411428096,44.40875766149642,34.89981462711755,0
95602,36,Female,Master,Married,Tier3,Sales,Full-time,8,1,6,19,63.82555202008625,61.08998920399878,65.5527354860371,3.506208035198274,3.143554146622142,4,55.19970761309632,79.09603479652883,59.70517699218649,59.35713157303712,184.6995283114386,14.47041772957716,26.238867093365347,0.7100030119789429,34.7371714220056,0.095167035652593,46.49432968158364,3,67.3386771170599,0,2,89350.51216807218,8.784220042240065,7692.31958574486,4963.501707714317,0.8966108306735008,3,73.5699705584315,64.70169727721107,22.33813399916798,0
5020,38,Male,Bachelor,Married,Tier2,Marketing,Full-time,1,1,0,18,72.59977566656517,78.94946076155742,72.60188356117962,3.961217350009589,4.238397014402,8,61.332333402667416,89.63631725271537,60.7864077576011,68.22213345997746,175.5648402769844,13.206972482139282,57.63471799554004,0.925594627409823,34.52304623321412,0.0584793243690687,39.04169917954994,2,80.51403166178292,1,3,88046.76903090536,6.19465840737914,9327.601574730805,5281.157293059807,0.9924310807823978,4,98.0046636587004,62.577427487714544,42.92234997633281,0
5224,39,Female,Bachelor,Single,Tier3,Marketing,Full-time,7,4,2,7,78.48387559806697,72.88261214020766,69.67202926701461,3.627167157634256,3.656854616035372,5,68.76855308105111,97.87968901690296,64.71735611907923,74.02288517395297,172.74533207597915,3.4287615341350346,42.1726629678625,0.9317925389565002,19.68065959824721,0.7807273720195811,38.39006163243459,3,90.01121374394714,4,2,61843.35121048438,7.619471075204354,10233.015853826048,6662.783858869224,0.9004915580237478,1,77.25849356921832,62.718909843489165,48.163839950477694,0
15781,45,Male,Bachelor,Single,Tier3,Finance,Contract,11,8,11,14,100.0,96.22116709493925,94.37730939474284,3.016354648046075,5.0,1,100.0,57.19748348007519,60.328721409337405,64.81568179880402,127.81535759278482,12.969815422448232,19.915141531893678,0.7917735519179723,25.11010517645027,0.4572749743865054,44.26000797059716,0,61.73361694880299,2,3,111194.8452050286,5.871926021311438,12046.913621164656,5589.882592344752,0.8784749357953677,2,64.3704977576609,100.0,28.36852259380374,0
45557,59,Female,Master,Married,Tier1,HR,Contract,10,6,6,13,47.85079936756146,44.560629054388585,50.17180759281204,2.3581388526689486,2.612617179769092,1,57.43686382573858,95.81025504992942,45.5916847000023,52.05337797750109,179.40196618564548,23.1394891041348,12.343030402899604,0.7369148293966178,30.892263092955524,0.1981000297273438,39.66581803945581,2,76.50504675514972,4,1,93150.61768837892,6.763582896533935,8132.955359782215,3592.326641748138,0.863604122531351,4,62.85899288795598,78.40941216861658,44.40515032767581,0
12897,39,Female,Master,Single,Tier3,Sales,Contract,8,5,2,18,74.36036193100936,58.87757032472906,64.16997466286962,2.967610233554326,3.576852228222665,5,81.34373505551359,55.05245307497645,70.24826046309005,50.216151971538295,165.75763050690284,24.77005029124545,38.77903772923497,0.7251863452557566,19.611903475806063,0.3173295856650808,30.953888672500305,5,63.08718416854852,4,3,98352.04302529152,7.4464110496841505,11335.231069202451,7092.027147170368,0.8503257108579885,3,56.141995682634615,29.38677128596604,43.80754770683301,1
34305,50,Male,Bachelor,Single,Tier2,Engineering,Full-time,12,3,2,11,59.2395103671495,58.13415208031964,58.17177332962153,3.5286319323327264,2.37899724652622,7,54.39438661469037,51.35637677584226,59.98899594558678,60.9258487988244,143.2314153774861,12.9379232397273,45.567544498158455,0.8163874719441969,15.70485168701616,0.2905373615690665,33.57396314213531,1,63.80750580167353,1,3,125346.16283292817,7.004057041377461,5829.021148339941,6307.694666937072,0.9760066573039166,4,48.43530146387516,53.80423431780206,74.35541361664346,0
93323,27,Male,Bachelor,Single,Tier2,Operations,Full-time,3,0,3,17,77.35859800543966,70.41299225262593,65.17901312592437,3.094082792545727,3.130952803970892,4,82.27174101698317,69.56379912237438,45.62905686310246,70.1315915617435,176.4292527889911,20.32133400092985,32.553415057910875,0.8520126301573275,16.54405033077144,0.1144029032909121,35.3669743107205,2,77.43027785554467,0,1,76947.43738904978,4.763000730471221,11190.273426574771,4390.851475003508,0.9753713761379073,1,49.22432953920823,51.78756307859939,69.43565832800691,0
5325,44,Male,Master,Single,Tier3,Finance,Full-time,8,0,0,12,75.6437483743922,67.04304055181987,50.40679033772217,2.566637713046804,4.713227088149207,5,90.12277511830872,69.0316480694679,73.29375024958173,56.29918390122005,220.70193317968128,12.44235706426314,34.14470294965857,0.7966895593740325,24.818281724113056,0.5213089289845559,54.3484089631507,3,82.31477337766944,0,1,85952.88802937552,8.476674136161568,9148.932282674865,8144.778310705925,0.949000582330508,1,58.98694434244015,79.98795644086329,60.67403080135437,0
52926,22,Male,Master,Single,Tier2,Marketing,Contract,5,2,1,4,91.71080614528633,81.03168719830605,74.12872743075174,4.784612970309089,3.2699437207021425,6,100.0,80.56971088874927,64.63916090768213,67.10886366183374,184.0785802682906,11.97792945148921,44.66782819275885,0.9029851284462608,25.24451209039597,0.3733218070283669,35.28666447157756,5,78.93631682411112,0,3,92362.3312216483,8.899444771556052,10834.250535469697,5950.0673851850925,0.9738914243156144,1,55.846321754649765,72.88718039757347,31.952210868156,1
62865,30,Male,Bachelor,Single,Tier1,Finance,Full-time,2,1,2,19,75.36286485944063,80.2683823852991,63.930665100308346,4.532600217139945,3.933884376242864,1,60.52782121088187,32.62551339954601,45.98013813712802,31.51398815246067,185.5560096026319,11.738764154239854,11.626961642295113,0.770999922285604,32.10348931174067,0.0844518570499815,13.956720631234449,0,48.06804461575993,2,2,81423.43283526081,4.348480344809117,11081.575936108336,4826.274523175168,0.968165564062175,2,73.3645891725258,62.421963516465546,56.97231403116104,0
8019,43,Female,Bachelor,Single,Tier2,Finance,Full-time,12,3,6,19,89.91992207285472,81.10768450460034,83.71616754131696,3.781146453901973,5.0,2,93.20736501083026,52.37650523314231,75.6973244519294,46.04071124551104,162.2551956852067,9.492851982912654,14.941991937689522,0.8069358102353436,26.61334830539404,0.053070017659349,44.08878979744853,4,73.92248351315634,2,6,104595.68744125708,10.217437395956225,9626.724952464618,5834.420355674962,0.8980575713585527,1,70.67521771481047,58.71438725330688,43.27274571782257,0
82945,52,Male,Bachelor,Married,Tier2,HR,Full-time,9,6,1,16,64.71577972923075,70.37832423730956,75.0375877521754,2.6451037162981823,3.551368016053914,1,49.69940117278578,98.4906633146998,56.59312633886056,50.24898477386084,158.03726364531573,19.883980828794336,15.81886093749576,1.0,16.918459073559937,0.358177789261341,47.7281827020116,1,71.70888756712509,0,2,81138.39340768453,6.757088679496956,10452.394736510369,4597.822794847896,0.974569246262776,1,85.09443464145738,91.75593081252768,55.29826260283461,0
90377,35,Male,Bachelor,Single,Tier2,Support,Full-time,13,13,11,5,46.80341707431639,54.34580953270122,51.7553568123147,2.5196208714612327,2.752448802736448,2,50.85077294121103,83.16949974193032,58.58551376004301,63.78298052393615,150.45259237608713,23.93503713349037,16.236024112440788,0.981989907945743,13.900452488863165,0.3064205144491081,45.97991857568191,5,75.75657255865347,1,5,105228.9818240884,5.736525472245279,9349.022560179788,5199.102549940504,1.0,3,81.72529217222481,100.0,51.59998316929262,0
41721,33,Female,Bachelor,Single,Tier1,Support,Full-time,5,5,3,9,61.42212141521452,65.39263279576114,67.0426767933665,2.722801678018957,3.189233391117104,7,64.01375683072322,63.031272264688006,57.23366912562973,61.55058921276907,156.8442649644459,20.21556780341578,44.001768098035726,0.7699568290101175,12.934070826933691,0.4371760555996871,48.648820610614905,4,60.64707315115605,1,5,81078.92909795063,8.914348514414552,7996.185253454631,6830.756122025419,0.9138950232145652,3,56.26967220978014,65.12512816446313,58.7906048645385,0
867,35,Female,Master,Married,Tier3,Sales,Full-time,4,3,4,9,66.96320927901492,61.20433393289535,54.33461589464425,3.979357804498695,2.601454980207445,8,63.977269432210704,56.39762411653653,53.99422857241983,42.873862647071554,160.1239878674404,23.61848740015134,50.12276881291271,0.7993407146900152,15.633117834949172,0.2845959315281643,30.06415459549099,3,70.29775598872841,1,4,80644.20819477571,7.218910706591967,10132.835410877924,5043.552075164307,0.9823438224397496,3,52.781438747600816,54.54620215717263,44.94911350651593,0
98444,55,Male,Bachelor,Married,Tier1,Sales,Full-time,13,10,1,18,72.2514999262561,69.94045722901217,71.23317849706682,3.591056015559268,4.046794741548975,10,76.8832716069306,100.0,66.2675478572377,81.38577973667327,197.8333732230665,39.36158795466719,53.5781150655356,0.7899436345574173,24.470903936490963,0.572250827917354,30.955233363208013,3,100.0,2,1,145514.76662273632,6.038557516702626,6900.327332021436,5920.9643826183565,0.9682383261974056,2,76.69127988320834,75.47745598221499,73.74436852813197,0
83040,31,Female,Master,Married,Tier3,Support,Full-time,3,0,0,10,68.62191676723924,66.64801286626493,64.90578144100837,3.5110471778533348,3.858404488189224,3,60.79512301082748,83.2950458983481,73.51644031103172,63.5507271401448,180.0526583003899,13.267551453800124,35.42654687719661,0.6548748398793507,23.51585099697018,0.3393556847588235,26.106110843600906,3,70.15770609312506,3,3,77804.81054818492,8.686775877253062,8516.304989184038,5804.343981495943,0.9351807698242282,1,80.6046714060854,65.78367388112663,57.0455346331986,0
13925,48,Female,Bachelor,Married,Tier1,Support,Contract,3,0,2,9,58.70009139404517,57.952361253389824,53.92635475507717,3.318671858809999,3.392187881390506,2,51.87211921842125,54.90311072255794,54.88562871505266,30.483143866114776,167.5117694998434,12.783496896152688,17.983460279191398,0.8153628498421415,27.478218506639248,0.2207119050601308,32.69434550302194,3,48.69130353130439,2,4,97495.88308726918,8.432414293953967,6910.777806100457,5607.402744261638,0.9486381021428704,2,84.14091398517893,77.4290543393151,63.55035095809697,0
79893,37,Female,Bachelor,Married,Tier3,HR,Full-time,4,0,1,16,99.46355525959252,92.1186739461998,76.40860537429278,4.559261154897977,4.285689554691272,7,97.7086924997179,85.56136674444137,72.86325926913155,46.10899998168326,175.72193510584955,26.998977542078897,38.90812436644569,0.9019512075412832,13.976959577432998,0.0880014168540899,23.832852735276784,1,72.17354589975996,2,3,92918.5760331482,4.975833207078351,10376.018946890685,7487.634095670744,0.8976921350160527,2,76.38474604575102,73.62374368660466,48.29054887465476,0
31184,56,Male,Bachelor,Single,Tier3,Engineering,Full-time,3,0,2,15,57.975636768683145,54.34826966774571,51.53734437022753,2.0992518057478198,2.7079238779945918,10,59.13563031472732,79.35284010749358,37.40170151081952,60.08526265827183,173.2051341668144,31.73862457723236,62.85560421346466,0.8285833494700476,18.36917834019777,0.0749519612728888,65.6907480227555,0,69.76925952504529,3,4,77202.12816774624,11.412270285460028,7581.194946119309,3324.3847050261406,0.8664472574860835,3,68.74236947440484,63.807684991234375,55.80623012365282,1
13800,31,Male,Bachelor,Married,Tier3,Operations,Contract,7,6,2,3,66.12237347569682,68.48008997400706,76.98272723162547,3.782167171906581,3.430778456469449,2,66.33281542211107,83.55723002010755,52.34648321840808,68.99349571857763,151.486997325514,16.036563867172376,21.60566060329996,0.785910387470399,30.68740540087104,0.4888339430994344,46.58308779189353,2,76.62511472085349,6,4,77844.40762261816,7.504135076011612,12261.268407051804,5075.997465457302,1.0,2,75.67636688184867,59.16149471391073,42.42929773141916,0
40989,45,Male,Bachelor,Single,Tier2,HR,Full-time,7,5,0,15,55.69285877267535,67.00993028434709,56.710875966150994,1.381714039307713,2.5240043313638707,6,59.35169610660545,64.13121746474225,62.11608396996408,65.83822633708655,138.86909927211596,16.599963082242233,35.96360097722028,0.751917177699393,20.5412570875214,0.1487347341513039,34.472662013615185,1,81.2530217772455,2,2,57988.6495667261,4.921970143815599,8070.152621946044,6331.06259855023,0.8984658643902095,2,43.48012409147229,73.84699269050631,47.097683768756696,0
66734,26,Male,Bachelor,Single,Tier3,Sales,Full-time,8,7,8,11,43.14526479726056,48.14727182040744,49.776738139867405,3.072696708097729,2.603040763473607,11,30.0,62.06385484748144,41.862747799837,33.14019685052296,178.659449880436,29.766855382211148,61.687521011453576,0.7056200007783017,35.74334689503182,0.2004902036237867,45.7282543099201,0,56.56994512040608,3,5,129385.04794217332,2.7013403000908163,8151.885859333001,4212.437659851902,1.0,3,67.92944729198415,60.52918194022291,31.167354044032557,0
78331,47,Male,Bachelor,Married,Tier2,Marketing,Full-time,7,0,0,9,72.42080576904269,68.08234888417992,73.94588793530842,3.1805652274386547,3.233706471764033,5,81.71961620420353,65.7794457874841,76.42461259122666,84.16160439995282,178.53666174789953,24.48901739936116,42.05216544385782,0.7971492405581169,16.150025404188938,0.4900688763428559,31.99074479943178,1,80.75536138063238,3,2,108419.87787211828,5.823438104812456,6934.871596288535,5020.248799185316,0.8196626461257622,0,59.782180018869525,63.93094368895507,69.77293056199237,0
24379,44,Female,Bachelor,Single,Tier2,Engineering,Full-time,2,1,1,13,67.96230764452496,66.0420495679782,58.688152975558175,3.2443331415977967,2.7635651703828734,12,68.13683508370454,100.0,69.24043698241366,71.43429010034836,181.28928145871848,20.116568134314832,63.53374458538654,0.7638640029649025,37.50265329561441,0.1215653827755293,41.42746154853334,1,94.30567684353002,3,4,135462.1260481832,5.275546842952531,10148.664872609172,6917.474594936209,0.8901114499494143,1,74.14558432388445,70.41513627879573,68.08111732349425,1
23415,51,Female,Bachelor,Single,Tier3,Marketing,Full-time,2,0,2,11,40.0,46.33530920362712,57.18538509050698,2.212258249566956,1.3020114412551207,5,38.67979505045187,61.51321437268358,59.01211088608373,42.49515106161239,135.76842785457114,14.284866416451386,30.999262673203177,0.8535858343456932,22.92528420367717,0.1861000675194454,32.578157588577724,2,64.08672408298186,0,2,69762.40686408165,4.930644392872718,9190.92762143738,5731.38542423225,0.8870293295587306,1,80.28059524642724,71.2470849628524,48.21666175523728,0
97560,39,Female,Bachelor,Married,Tier3,HR,Full-time,4,2,0,8,81.1922827862412,77.8339415701772,78.79551822667443,3.65852828889962,4.165185568700313,4,79.01848625252492,76.28823065563564,66.02785944989583,46.91863715949584,168.95511285075625,31.998421877872406,19.325700704661514,0.8983741170189787,33.51259835751106,0.2803465275967773,49.97649660211606,4,71.15775200985722,1,1,76211.62762054462,7.286969261475902,13013.894825363506,4664.903829016344,0.8947422140143657,6,69.21800824663558,85.35466032424027,47.36255605066736,0
22993,48,Male,Master,Single,Tier2,Sales,Full-time,4,0,1,17,75.62681523120318,66.22637247682033,67.58559401159255,2.73376390120596,3.43945107145696,9,68.36241918931857,69.53862238080981,65.11494920681821,64.22898567075387,161.09847714712072,28.589075454852274,50.39418888334174,0.7987333782508935,38.07284744366011,0.3086182071025793,39.77934136619649,2,73.54790993334127,1,1,124132.34637918849,5.0777863655155375,12372.708051383208,5519.288683570461,0.959411381915926,1,70.08845316593455,66.40704544399664,43.5464095786991,0
3232,34,Female,Bachelor,Single,Tier3,HR,Contract,3,2,3,19,72.54677313215967,73.37896153988781,56.26402493804608,3.044093577995838,4.081216289060853,4,78.54273012879338,85.51529197970439,59.09742814256537,60.39196502329322,169.23380824063852,29.55001734921717,37.76509218669855,0.8305062948652462,20.65279579995449,0.1864883356229464,58.79380554502671,3,79.44616008710777,2,0,88034.59382304462,10.34970038003646,8890.99379724019,6370.018901597949,0.9145307694155352,3,60.003593082417744,64.44865009284594,41.31532223093919,0
41996,34,Male,Master,Married,Tier2,Operations,Full-time,2,0,1,15,70.922074735303,66.8193140028014,55.60869704641401,3.0878535837627257,3.924790083941665,7,66.8648571574122,51.74424060745744,62.67595392467525,26.119719175515208,162.88244310601598,25.57505000081229,47.74765386669037,0.7485747847167655,11.20279108868588,0.2952692689920119,30.78355113176649,3,65.7514722603304,2,3,95273.4536392151,4.507540600886022,12036.854746845242,6182.142966613019,0.8449473419851161,2,80.00580383983403,64.09216510883518,65.93296062115448,0
49188,30,Male,Bachelor,Single,Tier1,Engineering,Full-time,8,8,0,7,62.39301073409448,54.56725585352365,56.38715898346986,2.5926938870375564,3.212496260450997,9,51.950795543725775,100.0,62.21333294538062,72.76660246956321,157.1330328510205,43.45620814029005,53.325943086615005,0.7704013000477944,15.148313429236962,0.4952719004174127,53.22380524120783,1,88.5516908656169,3,6,100530.26519557551,7.481112001460838,11003.129857314225,5010.768022608476,0.9542014922558908,1,100.0,72.0143104641467,50.93600896297814,1
22515,36,Female,Bachelor,Single,Tier2,Sales,Full-time,4,0,4,19,62.56353920943364,72.69342906707259,73.09351805061246,3.04587028002583,2.6211829315049187,6,55.84633735660677,48.093189572824215,24.489913005911912,54.26073811847897,199.9632350948656,21.846353975296232,45.82885966838506,0.9469082303090472,23.793980271554265,0.3034373339669863,43.9931485428843,3,51.499925623439,0,2,111318.83353026977,8.75877230866013,9380.255683340052,2500.328377772975,0.9594602046760774,0,84.98653559392332,89.500278343074,48.984432611929,0
21326,25,Male,Master,Single,Tier1,Sales,Full-time,9,9,3,13,100.0,95.96291452925256,91.4180134315737,4.28725498327789,5.0,3,93.45064100823168,81.49250018243663,75.36738141985039,32.69129193839023,173.05021338401605,20.56215447605562,28.56550762617796,0.7579319627318936,27.534108431199797,0.4395788675084844,20.83088503505992,7,71.32079986064373,1,4,121852.73825312586,7.590990377514442,13619.823413546268,6101.023504419029,0.9428579547852044,1,74.79807911113218,61.2842479436722,38.654727251261576,0
86234,46,Female,Master,Married,Tier2,HR,Full-time,4,0,3,19,46.56020593144151,43.61277509763021,40.415779411932334,2.11798963239031,2.6359160051958965,2,56.81827222941726,79.22094976169446,71.16435172192804,50.64685172988033,147.5191782881779,19.254769811666897,10.8695147221315,0.820304886419045,12.575988861971664,0.6580374631584524,45.25490213958066,3,78.84006904754371,3,8,85962.99408651273,7.445645085003955,8013.714347578973,5959.57937863289,0.934313871212088,6,89.09476878122689,73.99821763042955,55.99676485966791,0
88127,57,Female,Bachelor,Single,Tier1,Operations,Full-time,3,1,0,19,47.65843363571031,60.873182602947296,55.489177384896855,2.7998919273171308,3.03223205356327,5,45.463871921564014,63.86857580421867,41.4478027897771,46.698099118245295,165.17850309294246,26.13067996701016,35.08360075715462,0.7954654264652588,29.296957939239064,0.283358043366114,52.83418153852428,1,60.67081266429101,0,4,61800.7932652745,6.041112665077889,6271.343437073478,5463.298618064935,0.8959437053620747,1,48.35939322727712,68.74439017309027,63.18803760584154,0
29824,31,Female,Bachelor,Married,Tier1,Operations,Full-time,13,12,0,18,52.79405133358031,44.97862442078249,57.86895812866255,2.548988074170135,1.840692898752707,6,49.815039199672434,68.39523062023483,59.84804266475319,63.06674861210671,141.14650190690045,20.66095512725729,37.21103005075111,0.8978491821368121,20.63066038377696,0.3882134295445437,46.86388624880929,3,65.1768552553703,0,3,90361.65066248232,6.127136239377997,6834.143156821144,6819.032783867273,0.9996455767880356,0,84.581989522947,100.0,26.19585768986221,0
92485,37,Male,Bachelor,Single,Tier1,Marketing,Full-time,7,0,3,18,56.82254808045179,56.22879364783527,52.65977203940838,2.3599129807093955,2.425545426517572,9,51.83136247195457,74.49465352662459,60.13523633365541,59.41251642952568,185.10154505729795,15.729587974835592,43.15552988771317,0.7944349137262663,29.670541715494423,0.2606990056636795,43.41554612815656,1,76.53224138232471,2,5,95279.1820088371,6.266486114762611,7648.293178555983,6554.389713017739,0.8645858202345367,3,100.0,84.24059239476527,51.99344164936961,0
68425,54,Male,Bachelor,Single,Tier1,Engineering,Full-time,2,1,2,6,87.04123038521853,78.09368653687145,68.10277402183004,4.615571436447478,3.833043763560149,3,100.0,88.67071864976845,63.99027657045362,65.47088546574531,174.68494487382367,23.675596714420507,36.00343847245461,0.8634871171939477,12.89803930550739,0.164534339969521,48.82583480242504,5,74.39408108843367,1,3,136622.66771658487,9.131088626831946,10947.526605121502,5779.157768006787,0.8897655447139537,2,82.05727709961806,80.28357795238885,83.54406380874137,1
64484,50,Female,Bachelor,Single,Tier2,Sales,Full-time,2,0,1,3,71.08927270776681,70.91209389098847,57.97356420052581,3.493057076860512,2.465092896881924,6,64.92943677043806,51.01788376515354,62.04105859830173,61.765842653335625,165.13472951644516,29.80804089858197,32.59694024924277,0.7484539618364812,29.276903186333232,0.4561810333465067,23.10288441969726,1,63.34429557420708,2,4,82466.81135672425,6.7548340560292335,11718.860438929416,5621.1750278780055,0.8461015736711343,1,67.81444191779275,93.6852840080934,89.34238942509174,0
51020,28,Female,Bachelor,Single,Tier3,Engineering,Full-time,2,2,1,10,65.78066584770055,60.57327946653465,62.56703155993095,2.885284011968437,3.0112460310639757,12,77.94252983867331,83.6979143441981,61.16416758796549,59.77971742109087,183.75762089730023,33.51448074893422,79.88228856123084,0.819010998759263,41.09298470744503,0.424125011298268,48.01381720190746,3,75.10951499335836,1,4,112913.26867442888,7.050032925502732,7453.970125489116,6747.865455257747,0.9450387573664278,4,61.122396528867306,84.39961551792067,57.41617431085042,0
26754,53,Female,Bachelor,Single,Tier3,Support,Contract,10,10,2,9,86.28801670282574,70.8455952851965,72.83978774744745,3.521880080075773,4.786083374974598,4,77.57383314124154,100.0,76.37339485741686,48.54965411140798,160.1419455281645,16.948787724288717,33.132595681486855,0.8153232535314299,25.94247612970561,0.6608173854253252,35.71908155612396,6,79.66593333271598,2,2,105082.3597518152,9.07462168172744,9836.827232777026,6438.743791020228,0.973535720015401,3,44.81562524143445,67.24348924175703,60.60671609265351,0
49964,35,Female,Master,Single,Tier1,Engineering,Full-time,0,0,0,12,75.79565970913066,71.53589732674439,69.75715940139018,3.2695405378993088,4.2549306204755215,10,65.20963099871352,40.27920388676832,56.43332162236988,33.871203232190254,171.3150052687646,42.64543076246176,48.81323353386353,0.7993985441352797,16.856846982941377,0.1726958257629231,59.68141357488901,0,35.35802968389466,1,4,123131.18828814077,4.450452069077253,11998.716606297206,5039.002210753391,0.8556728632615199,2,81.24215398527005,49.44843165193265,11.879995637418482,0
42732,57,Male,Bachelor,Single,Tier2,HR,Full-time,5,4,4,16,71.78115099117532,58.369508849903774,51.50485413879605,3.146273709539347,3.6719633246791226,2,73.40893905722939,90.79472282295607,58.25767109504293,37.12602977315902,176.73423752263568,17.877896514643407,16.084695596681524,0.7897660677495206,16.674472857427062,0.1600032309160041,30.28300648255609,0,71.73916470002261,1,6,68640.27806227819,4.751254218375574,12042.493989332985,5767.6362933277205,0.8222867742168111,2,44.06800295642336,81.16382430310205,13.64449872229948,0
29057,28,Male,Master,Single,Tier2,HR,Full-time,2,0,1,7,51.14985302729879,64.19521054051961,57.02904075104503,2.658732614439335,2.438406058565948,3,43.006567632759705,75.95727322004909,38.08304786026123,58.8714901356222,182.2175308156256,12.9387697747191,23.36322434266613,0.8796145749407919,25.772497900327316,0.546050890289495,51.030567228914606,3,63.8421933950601,2,3,85641.39898310576,5.613341261960374,5281.2574082707015,3809.959275288268,0.8707155542777952,1,85.2607969961002,90.23672311219951,68.1767805344123,0
55318,59,Female,Bachelor,Single,Tier3,Engineering,Full-time,6,2,1,15,69.82714750270878,65.78744920279404,62.62468917150733,2.862958922772654,3.6487093702788833,7,71.06809230774536,99.095759281751,79.55596112141895,52.96349901598551,161.66154774692114,35.03265136481759,36.72335664613642,0.7930799131639962,30.460200882537418,0.2946281551517813,60.99422162579376,1,84.33133266036111,0,5,98129.73208500826,8.591713653584542,8896.389621891694,8438.383214618665,0.9413919964572168,3,60.28974319132161,80.05650064641087,43.451336633263246,1
35497,43,Female,Bachelor,Married,Tier2,Operations,Full-time,6,3,0,14,48.2993364123312,50.32409404350574,59.95998776808926,2.0143262430153945,2.944369735587964,5,35.63773344998198,57.30468067141422,61.300318834839175,49.70947979789685,165.2064996777235,23.416648290415168,45.87065670849992,0.830168593333109,28.65749072463533,0.4782543496378939,32.6325485153893,0,59.66520179387183,0,0,121614.3576350888,7.97095395234696,6032.232303836014,5037.451142465759,0.9700252058970188,4,68.05375234080469,46.11531119653286,68.1671201583766,0
56338,59,Male,Master,Single,Tier2,Support,Full-time,8,4,4,16,85.33043130301532,74.26860660825301,71.79221984159015,4.234433234589487,3.055038831969262,6,74.29008850764936,36.58735716216621,62.9566778916007,69.71068748458683,168.4802808407157,12.483214507906975,40.50244079028085,0.9096487254083772,16.33722218683859,0.1338522409864892,20.40699783789105,2,62.02679581037995,3,2,101446.79901022078,6.037830511033164,13022.927959715042,5791.593643316332,0.8962508406512287,0,79.2829493059126,56.99593866462836,33.2180222286884,0
79278,44,Female,Bachelor,Married,Tier1,Finance,Full-time,4,4,3,11,66.86504233426473,63.818380044992736,63.45647556005805,3.0663419313403657,2.8348144940801734,9,70.52036876948345,55.63477389645344,38.14491505048598,49.7082463655464,354.4130954751782,4.738731048537,23.46229029456581,0.8920053989929316,17.996845403504533,0.3231781766956234,134.69847273436585,4,56.41679383082761,0,2,285745.5977518884,7.609723868121916,10551.422441707293,3480.939850182983,0.874945683424153,4,56.368344059676375,79.66823378720623,60.16729496924252,0
5465,30,Female,Bachelor,Single,Tier2,Engineering,Full-time,8,2,4,4,69.88796608018356,70.51221008703426,63.60904532549481,3.11211388733709,3.779149833848292,11,87.93496076159028,62.60802338305346,62.56807340013614,61.06170703345238,190.24368430094373,27.07981961220757,61.42835457453083,0.827349808977778,28.821505976354345,0.4109769627425356,8.465336845746656,0,76.80117037415063,1,5,118060.42543399052,8.710814312155302,10240.631022871614,5246.208801691915,0.9617383777844236,2,55.7772523498068,92.81947612990557,56.93219094590296,0
70156,31,Male,Master,Married,Tier2,Marketing,Full-time,0,0,0,9,82.17713899494804,74.30848118900339,68.83863902625751,3.702539987829781,4.625331678411935,4,93.82666695297368,39.83962023980122,47.78952846761207,48.631860283137456,160.9553958893249,20.395026063850608,32.616871878941936,0.7078856662325452,31.6795146202916,0.0966648156707562,40.03252961388039,1,56.57697415759233,1,6,101061.0066840428,3.1427632898871263,12775.49993081192,4866.113167298416,0.9826015709980704,3,73.74095654206813,79.60256858669247,56.74404599919208,0
70670,45,Female,Bachelor,Single,Tier1,Operations,Full-time,2,2,1,13,58.575923749788245,62.186870122843786,48.1632799955117,2.3351404659910884,1.7500078381584625,6,62.58066326194049,57.37852852331547,41.25022995078741,44.334491637451166,178.79659740092652,17.776860340456142,47.61239233466614,0.8399385519324324,19.609700188132035,0.1586562529876491,49.40248836337109,2,68.76495155375314,0,5,94131.69288222314,9.590864912633611,7280.077131763476,4191.424891474586,0.8867446309661073,4,99.75634446142548,58.12030718323111,67.24656400962854,0
56014,54,Male,Bachelor,Single,Tier1,HR,Full-time,3,2,2,19,83.77689989339544,81.48400487133247,66.03486363906387,3.121816594875555,4.864764301903693,1,81.01931202734954,86.76784209252128,63.31650316150301,79.77467531862442,141.71026440916518,10.23300590233539,21.920202971692092,0.8152775330771508,27.92853197172463,0.0883808261718786,50.20841965999945,4,91.1884791783618,3,5,81072.9815782863,5.651784291687304,11909.350154156193,6616.980521468056,0.9360419613723572,2,53.58193397138424,100.0,13.414813323481823,0
12086,38,Male,Bachelor,Married,Tier1,HR,Full-time,7,0,1,15,63.81359147586257,59.602548597975,46.20276242778186,3.1510390576639686,3.843347694773546,3,90.33294581220925,69.06521022360153,50.02610208923412,63.526275677026135,164.34049056751817,8.912330562294672,20.280984062389464,0.815086377452866,22.01341436571193,0.0581764086423924,37.48511175115987,4,76.16611035409923,3,3,118805.3431123044,8.908436862102143,9232.84575129469,4916.262137917668,0.911668736445697,1,66.72741533808318,46.921058319893305,79.4667257249399,0
56819,54,Male,Bachelor,Married,Tier3,Sales,Full-time,2,0,1,3,57.51045896541189,55.61359558555215,50.65384080021415,1.6998719743719135,2.4756576609372187,5,59.43847559823827,27.45814521250886,36.602274691385645,34.92641340573576,199.14479023119597,15.916914145555507,45.0856562433716,0.9791280148776856,15.039937218895282,0.2325924544049593,44.10723148232356,2,31.01028517413169,2,4,90063.81172103842,10.07919517502696,8600.56738033626,3826.425889233022,0.9436571417216332,1,48.79410533963037,60.53249272123819,19.70934831313311,0
20001,31,Male,Master,Single,Tier1,Marketing,Full-time,3,3,2,16,49.77280160453727,51.28283832420662,49.404690696498285,2.4432820301523424,3.630428314367935,8,35.16709485546974,69.58543307682535,51.21707156346705,60.644541357835706,183.73008237661824,20.32901235191732,55.14188360079514,0.8466415109104817,26.940925941601854,0.1749822499226887,38.904776859434016,2,58.2109028811996,2,6,93602.40241847427,8.678262433322912,11938.594278080564,6075.641008337699,0.8708825738959318,3,53.68814195381877,49.86098735565038,63.14343449091098,0
69067,52,Male,Master,Single,Tier3,HR,Full-time,6,5,6,6,85.74334877945248,81.74182884032024,63.71765246904495,4.723025304066204,4.798855106611233,4,90.95090425241489,81.1823734184874,70.31845725907434,79.5856874458693,163.7579885700868,30.357114195938777,39.62392671883504,0.8769805220852714,21.942921684216795,0.177740151384342,59.9953177155097,2,91.34775724811227,1,3,88321.86299106127,6.066740900208971,12447.489397695288,7275.797787502768,0.7731117592207835,3,70.34956807160829,77.86684434646867,36.699273596032455,0
50453,30,Female,Bachelor,Single,Tier1,Finance,Full-time,1,1,1,16,61.26772105171522,60.47914578347473,60.67833077525757,2.3641825414217577,2.4647584144549106,6,69.07207303752011,56.528681793524406,45.96713374313168,52.8080324860787,173.91639120398577,17.317381870211214,44.784094150564805,0.8885968289027185,22.34484329308779,0.3877300722844992,55.59811120652057,2,56.39287005809948,2,3,98848.6181273792,6.708891589621896,8656.60512198379,5151.805224451719,0.9434653969270846,3,49.18879863846702,63.25831082024665,81.17686088270982,0
90710,46,Female,Bachelor,Single,Tier1,Operations,Contract,4,0,1,18,63.73769046727879,69.07398323678989,61.473609916648726,3.109026771173143,3.5972820203513085,7,46.015368270207,73.88715167734722,59.39705826098469,64.55288668629488,186.99546060939807,13.72999195117591,36.97328999700035,0.92726315873411,25.919895051107023,0.291908447048785,33.75130499299256,3,69.16000659987294,2,1,106931.7297893792,6.16725509259355,11162.750521260215,5255.469983954798,0.940441080786693,0,54.248335464848495,79.10652771340153,48.33984104389611,0
52885,23,Male,Bachelor,Single,Tier1,Support,Full-time,7,0,1,12,78.33733017752208,72.09817268961227,69.82184781405633,3.724596589736548,4.215485355398673,1,75.08435712833398,74.37695016185968,67.10391986691515,56.11841820591161,187.4439083581431,27.38135298210223,13.299125378409624,0.9508640109457116,30.079164682491868,0.3179402265305412,55.09920115919174,4,72.71905354683925,0,3,86035.62102962298,4.786079254185696,12047.391075463724,5631.017069144316,0.8853464651213003,2,69.26066146177281,68.96063128318355,43.18503619737962,0
30964,41,Female,Bachelor,Single,Tier1,HR,Full-time,13,5,10,10,94.52406851578326,79.72356334201089,66.58529878863018,3.5333399701769097,3.967813943796705,3,94.60645493482448,64.74755254520325,68.61309835929032,46.79984929559419,177.94203400315263,11.86619541775725,29.463299458715564,0.7836298361753888,13.615467067766462,0.1676489774098005,64.42545984189957,3,57.20960431637851,0,5,111959.7412170605,6.387259043047411,13533.21885941336,6303.664565396509,0.9588003112470852,1,45.75238006651107,65.71444833954793,27.868060354595716,0
34574,39,Male,Bachelor,Single,Tier3,Engineering,Contract,6,5,6,18,55.16277117452208,47.39679627167357,56.19956214559436,2.73942736185166,2.8354930523439394,9,48.47151436663037,84.44341833906002,58.74839206092667,45.06290045240964,144.31712754427667,20.857151204885188,57.80440409006284,0.8464840331877536,38.21552928134142,0.1581982754135531,46.36465017731366,2,70.96476792578453,1,2,67341.8134537483,4.67293632801092,8328.66296256247,6061.398185264716,0.9094787674391812,3,61.41108580460182,82.94371949961283,68.63485681391734,1
15295,22,Female,Bachelor,Single,Tier2,HR,Full-time,5,0,2,6,61.27943077912676,61.45874648497009,61.03999285426384,2.711484056568993,3.2267100779817057,8,70.80845569194928,80.52220341042425,66.65064803008657,61.75567464050372,151.12027656408495,36.10936347698239,53.799576375753816,0.9360414480149694,36.98994702230268,0.4261034316325955,38.296031882178,2,75.90011657397793,1,5,99653.44062934942,7.449497764613399,12403.009172364098,4667.211794917193,1.0,2,97.16003303870012,100.0,30.81180760439141,0
27919,26,Female,Bachelor,Married,Tier2,Sales,Full-time,3,3,2,16,74.74693201898793,74.25384232883677,63.33435731312392,3.2155083067366355,3.5709027317760937,4,80.78716742794919,64.09478465834695,51.02180347132721,61.61199359757416,152.815542860109,15.529461136189322,29.867490392118214,0.9291599100781068,21.861568984479163,0.1619945114579995,43.39386679947406,3,65.04520953326326,1,2,119638.29380764546,8.745106441409707,9844.979249489828,5961.830988642248,0.9446967425331672,0,31.8092145118398,48.867485099766,33.5316311405803,0
46121,23,Female,Bachelor,Married,Tier3,Finance,Full-time,10,0,9,8,58.83764720904787,41.83849509697353,54.15158718656179,3.7459405082501616,2.953716130290099,3,69.92789259852357,68.89757178114893,50.05367708934605,52.3724493993403,178.66458360537484,20.96957105964077,28.523305065980825,0.8363328239711771,5.0,0.354274267248979,36.77152422722015,1,53.17395340888668,3,1,94735.93049574444,9.146098453471684,6584.442542368501,5051.160874295291,0.9175689304886436,3,60.05000241390697,63.87836105953042,80.58681612377282,0
35074,30,Female,Bachelor,Single,Tier2,HR,Full-time,10,2,6,12,40.0,40.0,41.767333763174335,2.5157785841013367,2.2797446885058488,2,42.51060470986068,59.435845708832495,55.98444434146023,57.09361816275754,164.00851231137267,15.0772940147438,29.81253289408989,0.8259328334588616,13.884612652670976,0.1590704019395389,64.39095383824004,5,70.08763954608926,2,2,72510.55365906216,5.5780527865752285,3914.534254040884,5055.706021025892,0.8726546362237869,2,65.61505766230601,47.07633731412334,79.2843051678652,0
10551,27,Female,Bachelor,Single,Tier1,Marketing,Full-time,3,3,2,12,71.9794493353311,57.94559636770344,60.40946173250738,3.058740707433486,3.188116079825535,3,78.7190793272063,50.23628144518263,61.1875046792663,47.03714369148577,153.5197448499042,14.636718197129294,20.34035784322191,0.8814774056748884,28.454681967573205,0.0882357629899077,28.740548822539523,2,39.4310337586877,0,2,101910.12819996054,6.437565394511791,11257.34614136915,6229.138606371882,0.9051349518885018,4,96.17954050609666,73.17132924026983,66.68765685512624,0
91128,25,Female,Bachelor,Single,Tier3,Engineering,Full-time,4,2,3,7,67.31801202715839,58.2447039312381,67.39601054978017,3.069989270573076,3.588449518674347,6,71.74361432859764,89.05803081598243,54.74771301502887,30.68098984942077,128.52278598747924,7.735935102708634,39.25846778934221,0.8652586515375001,39.44693268319588,0.1024333238635622,37.761101547191736,2,68.70232960190812,4,4,117606.91874223691,6.981011731794294,8938.086413553858,5642.171291263864,0.8665470128184071,4,73.34440063349591,72.3071175873093,44.99637641832238,1
691,24,Female,Bachelor,Married,Tier3,HR,Contract,5,1,3,14,40.0,43.546165193935884,54.80688559272255,1.582690857428806,1.887659067877652,1,39.93306255080955,77.58835071296004,41.68022743449789,47.25828884894892,136.0123959353358,14.996564089601922,9.850789512300022,0.8429836587733148,35.335297240431004,0.2546940470759767,63.15782108466403,1,67.55310442971702,4,6,77529.93450332971,5.779634814235142,5042.672521531553,2907.2892220376298,0.9557892971280184,1,36.66794820225373,77.41259823206524,21.461081697166087,0
77730,28,Male,Bachelor,Single,Tier2,Operations,Full-time,6,6,1,16,100.0,96.25161836208989,84.70580418827302,4.668564628071606,4.491713196831009,6,100.0,80.54946258345245,60.74886901205688,58.098202745878,156.6393114499481,15.179915372732024,21.30783585878525,0.7796185221624085,22.471306373247543,0.2673735658802117,40.50006088242494,4,75.45318508005899,1,2,85123.30171245191,8.520029677782627,13388.243239446823,5362.977108852783,0.8867069830830157,2,68.7143451349187,87.88138797640636,57.86109297178172,0
36097,44,Female,Bachelor,Married,Tier3,Engineering,Full-time,17,16,13,3,59.254897774053525,61.81813830937397,50.6074290786285,3.15717319055355,3.0258903310175795,7,53.16757290857392,100.0,55.69840193066254,67.1056848333134,144.02221438223643,21.55148022999446,49.57604218249331,0.8899475294381544,14.190865316140703,0.1084039863473578,37.1776866799593,3,100.0,0,5,143809.3077446101,6.365955311660308,9203.47832102642,4871.794056463266,0.9223845733550392,2,90.6670262317701,67.35285045353923,56.50723148183205,0
65352,56,Female,Bachelor,Single,Tier1,Finance,Full-time,6,2,1,12,77.11560917763923,74.02959665867833,78.19095682863934,4.899841534643151,3.88314812252023,4,65.70340071580347,44.14387374563328,41.6415950017178,20.0,175.72737771127595,17.57690470397499,27.58868852229913,0.8462686599403104,31.204695368867743,0.3251330667889327,52.058862934000544,1,40.12291636916356,1,2,122467.24321133316,7.754216880920319,12576.692522694451,4139.518381915701,0.8668341395670278,0,89.7180450936337,91.65976685830763,80.6182482727072,0
11041,52,Male,Bachelor,Married,Tier2,Engineering,Full-time,7,7,0,3,49.38867343140672,56.56445646016783,62.80306720683076,2.5552683673852856,3.133880491880157,8,36.98400859436987,47.103646054907024,44.11080851673426,59.45071636215671,195.1995117140088,24.274492699940343,49.44448081294666,0.7440480500566091,29.883314973931935,0.2586165759235894,54.900706117934426,2,69.25312433662963,3,0,132667.275260769,6.985361858748218,7482.358529652101,5679.00976279795,0.8477433811720383,3,72.65123728202427,75.33629781519534,43.34822742036246,0
4222,30,Female,Bachelor,Single,Tier1,HR,Full-time,6,6,4,18,78.07685426678879,72.42270143553604,58.112983597350336,4.050103367341472,3.765325876706431,1,85.84345574393805,80.5928875388594,56.36224900359188,36.63298305518895,135.75108739709555,12.115575001664851,18.51198310033832,0.9815452195948068,19.91585064566089,0.1272179381113454,38.34411900653522,0,55.479625033624615,2,3,107384.39856551928,4.424451857373935,9024.180000061016,6005.668077476015,0.853740515119896,1,59.21440893320197,75.01300373125011,46.06541368255206,0
822,31,Male,Bachelor,Married,Tier2,Finance,Contract,7,7,1,15,44.78203742572177,42.15010088349729,44.16244350956309,3.069484867350801,1.6287573776009827,2,56.53786314828237,83.15235626137472,70.77071253261028,60.944920336876464,179.78423807557107,9.671559404699714,20.910507209687783,0.8364010067205738,26.97360455556888,0.259674261075692,42.254457963804576,5,62.83525129751717,2,2,75217.11519535504,6.999392868902953,4224.655200226409,6351.624024579947,0.9806793057904964,3,74.29512449451448,50.570487521593535,13.898101235794035,0
38129,39,Male,Master,Single,Tier1,Support,Full-time,1,0,1,19,60.66335130455717,71.15602184496603,65.63865383230437,2.800257742819104,2.9378682843388635,1,62.43973808027077,60.72491083330637,59.04323931791688,54.10813433889839,154.97655077842694,0.0,25.97928136694727,0.7925258768047436,28.506078789903636,0.3961075962540351,11.416066136842034,1,65.91981905548283,1,5,49620.936636555925,6.169553478608005,9217.163501938065,4305.042316237871,0.9421471416834902,3,48.83222345956174,84.42751104812594,48.54339186060493,0
89152,30,Male,Master,Single,Tier2,Sales,Full-time,8,5,4,8,73.01242843269097,69.41623166375567,66.101213760808,3.170002726081241,4.250685552687647,9,76.8395793620417,90.39750726472218,82.58163067299293,73.01564408864336,168.6048891545887,14.990546344718124,50.13881022456797,0.8564561370953483,34.918423428550035,0.375348296340679,42.89047110296824,3,90.75590705929002,2,0,140270.15796991417,8.393651118857468,12208.363928070075,7303.863708236229,0.8833416781439534,2,62.224779021226304,71.87845434608079,67.28679912567561,0
29232,40,Female,Bachelor,Married,Tier2,HR,Full-time,7,2,0,12,82.51281076900977,69.85426398918777,66.57945055257343,4.130194613838171,4.01309172378335,4,78.9473219301288,100.0,68.29979213308845,69.15297264202948,170.96827145141668,25.514189002009942,35.3963138679249,0.8629787635986407,23.00764563403598,0.0998943883184582,34.02217834717794,3,79.98678987997245,2,1,78884.21329532952,1.9125194234428704,13433.4858132229,7321.353009351742,0.9884212815079784,4,93.66504628746344,52.0623466349411,25.121015211191143,0
50557,23,Female,Master,Single,Tier3,Finance,Full-time,9,1,9,8,85.42497099925474,79.633962634569,64.83792160828969,3.588111060053604,3.622155357431387,6,83.84016756873145,54.84987091788051,76.45919373287991,47.18414427274827,155.44034283151478,35.31993130543276,32.711226956700976,0.8033788021037843,20.998020553382062,0.3117022916608968,38.88650800643676,2,60.67086329348248,2,8,112262.63359124208,9.819194784337151,12644.888212324897,5689.756514374773,0.9523818083707368,2,72.3145039931919,71.23886939604407,56.40808743229646,0
33685,26,Female,Bachelor,Married,Tier1,Marketing,Full-time,5,2,3,6,56.6730137518877,51.5300689704515,44.92673352085935,3.4603038773144683,3.268788871188123,3,65.2757413918894,51.923808308141,35.94469553450043,27.072079684604518,158.72384550307893,11.972864450785895,22.938422919629676,0.8310990798479319,26.588402286553027,0.3759411061880912,46.40171223690812,2,46.853676397349545,1,1,126504.2844264188,7.304202039804458,6075.381025217462,4227.111946753352,1.0,3,97.24687285412328,79.66694547865266,50.964893913318846,0
58754,42,Male,PhD,Single,Tier1,Finance,Contract,9,8,0,7,77.849775399284,66.73960261233046,65.06755972944536,3.1865559149866693,4.388396817459828,6,79.80869018499108,55.11831691290162,56.747589128984224,64.04693346848417,184.21789577864263,6.522314035399392,35.61686641617496,0.8316198546401239,25.736000095484204,0.3358565200280837,29.607357656005604,3,68.7476052089936,2,3,126976.25076124271,8.644530798486782,12794.659495800304,6182.280792856289,0.8961439521248354,3,69.1925593359229,74.56644025708242,49.019333829570265,0
27023,26,Male,Master,Single,Tier2,HR,Full-time,4,3,1,16,94.38226715740946,99.95135840625072,86.99848360796942,4.883863512539471,4.973945085652458,3,84.87224054452135,66.55521204961849,57.15274516182378,74.63138368062368,187.21601901532227,24.52414875919724,24.39046221297332,1.0,30.891671468137663,0.2216433827612526,29.380072587818617,2,61.430462724038186,2,3,82078.66138558794,5.263203805775303,12934.705604427514,5950.5983564945545,0.9302842321325272,5,79.33684178049555,70.87522362191609,38.54460379666956,0
36906,44,Female,Bachelor,Single,Tier1,Engineering,Full-time,1,1,1,11,69.79934780292814,75.45270906445396,72.6504934687201,3.614555847409551,2.401904421118269,4,54.3486011240967,53.71000533489317,40.66154795056978,34.95977118323316,114.87805846030642,4.146239628757613,29.535933607429563,0.8430313262752916,7.383673561861702,0.2168991112641319,37.133469137070286,3,45.60414411352527,1,5,112098.9558194726,9.829020463658576,11546.344584763989,4047.815866659984,0.9134511277368564,0,84.22763425198316,51.36063323973443,16.279216534657536,0
271,40,Male,Bachelor,Married,Tier1,Support,Full-time,2,0,0,3,91.65179425759293,83.82909091145083,76.94491341672169,4.122299192127326,4.9491738136020125,1,80.85438545633644,50.14918700741851,74.26536204183998,52.197285265925146,202.91038188640272,0.0,17.271324074641694,0.9687173858210948,30.007918984008263,0.3101967866202805,42.71058335641551,0,51.80156120950802,6,3,91788.19194617138,8.460221213493648,13138.670255361649,7132.698524211904,0.9383006708360088,1,79.3161026392308,56.96555290957396,44.54689035370012,0
8867,37,Female,Bachelor,Married,Tier3,Finance,Full-time,8,4,2,17,52.94429286573591,58.330573333548536,65.65539829788031,2.4034406329624707,2.486200713961141,3,48.47384375745423,98.60914982015863,41.6440906967911,72.38314175350114,178.79019641340005,19.60596766410998,24.46032400124646,0.6696874052701134,30.712592281499457,0.3025415243906026,48.302365775293765,0,78.63687917661848,3,3,136518.15223586527,9.70389876997026,6344.526100131132,4087.4890746166175,0.9476747550262667,3,62.37199049922376,68.55922111381345,51.9948358414556,0
15007,22,Female,Bachelor,Single,Tier1,Finance,Full-time,6,2,0,10,69.01533758605882,67.80728036029734,64.71162153100178,3.422284981258792,3.171870667448209,2,56.53574077733361,79.49554135260372,44.30956806747338,42.76163792048463,201.94385089055493,1.0365978066294286,24.670087779203733,0.8734262607530275,25.77283154975781,0.1803618553767975,35.02376316812495,3,77.21680364271147,1,1,108753.95180135136,6.464611210348481,7528.753854831533,3034.5130690753213,1.0,2,83.46319729057383,83.86578018544695,45.32501173136647,0
4689,58,Female,Master,Single,Tier3,HR,Contract,5,0,3,6,79.36432017322655,78.1213388410631,75.25142396379232,3.442062054088815,3.594639801402184,5,72.79883249416703,62.70616111687815,65.18608436537039,44.21436843674738,183.09881537351416,27.079613289295978,46.59702698289129,0.8511438919900128,22.485371555964896,0.3450392587607702,39.29165417614434,1,55.526550653466174,2,0,80145.45211919278,6.6993630202157926,12049.327451891364,5777.107141078996,0.933418252621726,2,47.1370450204963,71.31066734725307,23.76242145159289,0
81996,42,Female,Bachelor,Single,Tier1,Marketing,Full-time,6,4,0,12,60.249675503764365,55.90563771785294,61.46969636976083,3.5536946897426605,3.9970060497157016,2,46.50660383801736,42.04331536045317,57.72255564718969,35.59143221170386,146.6932989411909,17.431970301087155,23.35897162327289,0.9485375161253052,26.794813006166784,0.0824797786679151,52.06794204567021,0,45.343473382283136,2,2,95271.23436550464,6.930135842037186,7907.051742596359,6781.047875336374,1.0,1,39.02948630254991,80.90305746411975,50.47601043524136,0
84373,48,Female,Bachelor,Single,Tier1,Finance,Full-time,0,0,0,9,68.79198131857922,74.08898003777087,81.6147211745209,2.012920237604997,3.0797235396038887,4,72.10481725135459,100.0,68.55372454918329,77.87696228235941,145.2905034529065,5.421716923188939,30.460660858711016,0.8058064854824228,35.328996373684575,0.284130154101017,27.55279693530204,1,99.90900442751364,3,2,83701.73780283405,5.3670456619073885,11130.697864289712,4803.7901578078045,0.9192141361244706,2,96.04709655095988,66.77501720583065,60.02087180997393,0
2515,58,Female,Master,Single,Tier1,Marketing,Full-time,8,2,5,13,50.35276943731937,57.68415942002467,56.0377087941728,1.8926745923425448,3.773843085467461,7,48.26109782426287,55.070604779699096,50.62528887723081,34.20923861842971,178.7894002463194,20.934631154090937,33.24885000169015,0.7946370331482685,26.07320857975759,0.5096068296967595,30.304192373938378,2,48.87569476226237,3,3,123725.18058000416,6.3778677285792815,7201.223947575716,5539.033691843874,0.9021049359450988,3,85.63812098536314,39.81230128621714,41.21376581016355,0
36400,46,Female,Bachelor,Single,Tier2,Operations,Full-time,6,0,4,9,53.76225842444818,49.59249929297864,53.71470204084704,2.823715791581641,2.6616554703471604,4,62.91740754910229,67.05456140025915,47.24019336028524,45.8590575897984,190.30136686710236,21.29458750420592,45.76052072294195,0.8115867118967892,30.77582838225845,0.3132198269577901,50.2079356046722,5,70.64779396299431,0,5,76418.2064800358,5.657541760733171,6463.012861027411,4466.695934600817,0.9223352142791892,4,51.57909544900302,76.22749724950108,67.46611407362737,0
38869,50,Female,Bachelor,Married,Tier3,Finance,Full-time,7,6,2,19,93.20908694044888,84.64001511685929,64.72458027564761,4.042655370578767,3.9752377843680295,5,86.81915162345109,70.56982603941603,62.32391539423286,64.07769227797137,136.26051253804087,13.322477534519283,39.67719377509946,0.8040519132478887,27.29311332546714,0.1319710074431498,46.60242749578403,1,71.53331919084748,2,5,94045.26596262211,6.872909913419512,15323.40180429814,5772.217390469968,0.9469863424607836,2,74.18743388660269,66.47513830370329,49.859925406803946,0
58245,43,Male,Bachelor,Single,Tier2,Finance,Full-time,3,2,3,8,65.56409781239924,57.4723911336895,65.35336874801094,4.097415102572818,2.861473590977229,4,69.5296384214648,78.02791239240281,59.57878738433333,51.052492793954855,175.35940587771412,14.481730495774864,32.6866054934474,0.9066063619542326,19.17136643094745,0.1640537843421524,50.77522918016808,2,71.6606944507365,1,4,83456.48826248216,7.016848905365787,7818.490017261709,6336.758895859721,0.9573188026953352,0,36.39204599199574,39.615036854175855,37.31133914470064,0
30410,48,Female,Bachelor,Married,Tier3,Support,Full-time,2,0,2,14,93.61215712139835,90.26073267898327,87.92125224312196,4.769314516650038,4.5555814257528375,1,75.75909012775753,76.20557949591061,67.94297590930073,82.50842890433566,153.92222047216995,14.942776476819985,9.08979963091009,0.8254215149060513,26.8584912802227,0.132939270962276,60.62836871517703,3,61.04349400911238,4,3,64247.473548100286,8.282609435634209,10616.32353993006,6488.404117559218,0.929219395029638,4,60.40720681074552,76.19746473988847,27.943587513765344,0
54795,55,Male,Bachelor,Married,Tier2,Engineering,Full-time,3,1,3,18,66.45492549999734,61.0711240595808,51.95242228538939,3.150439142355223,5.0,9,89.03399891016258,77.16485763291452,62.38543368777573,69.81433111008809,203.007039688928,15.03854380298682,54.13520942794479,0.8110902464592938,24.408201762855786,0.2309177223468294,30.55751491436637,2,82.74074940714219,2,5,136258.57978041473,4.939218817267726,10298.098399034488,5825.596823437003,0.8955288517016051,2,50.22209027346337,68.55278205227432,39.002072749729805,1
19264,23,Male,Bachelor,Single,Tier2,Finance,Full-time,3,1,0,13,92.18875643361444,95.0178579764377,80.03959108532557,4.557206704415093,4.047790444080156,2,100.0,78.93306296717927,70.52169439050334,47.65239255999438,169.94207677332014,9.208348030638044,24.43867447826214,0.81257914519996,21.205866130643575,0.1630381029858855,37.61033374227188,2,63.88807906467676,2,3,100932.7991044106,10.661551390987444,12856.90180489033,6630.029476450666,0.8942812209182663,1,76.83679071272353,59.94419955621849,37.14568735509721,0
83910,33,Male,Master,Single,Tier1,Marketing,Full-time,2,2,0,10,40.0,44.47203944067464,40.0,2.374226950314175,2.5811045564746085,9,45.0005931764743,67.74567459210805,49.190056160364,57.11157105903713,146.30923557598834,10.326987301396386,50.48976912130232,0.7953208482144984,35.930449393369315,0.5227069771032065,30.509675965031573,5,79.8613771581293,3,4,68123.85194916997,6.316002053143631,8739.491829875189,5800.892788218494,0.9393302605289834,4,52.63111784758537,74.84288249826862,71.31607488724174,0
26974,34,Female,Bachelor,Married,Tier1,Sales,Full-time,4,4,4,17,56.71103073152423,55.90985172162337,55.04386486171944,2.346536558132682,2.1332491121164523,4,59.15824288542712,76.94881031792664,64.76766356704118,58.59464023214296,173.33681491178362,7.381820319613269,17.42305398138706,0.9738103380848931,33.56104061118781,0.3616444024459163,46.13243770653622,1,73.65844869199648,1,4,132446.13282700075,6.736407462431741,7287.283109189618,6577.515549792332,0.9444537652052256,1,81.9044311120767,63.12124437519429,55.50309088372413,0
7130,25,Male,Master,Married,Tier3,Support,Full-time,4,3,1,5,82.58522087962918,79.36787969609206,69.3475096743587,3.0996604156292045,3.8058000494411575,4,70.83418829138573,43.42467281839493,31.665003685856,20.0,158.0386097972179,26.282820506826297,35.75994182970292,0.8635089579982047,10.60367847250187,0.6218806384357323,25.77140862401637,1,32.14863866886066,1,3,81149.71042826457,7.5185479082406355,7957.378511986739,3620.18343936002,0.9189275044659836,4,75.38044734955447,44.715517204597774,69.63955337350288,0
7145,44,Female,Bachelor,Single,Tier1,Finance,Full-time,8,2,7,4,68.19470425216105,69.9375255283741,70.67279678982828,3.1883777155946755,2.91730390483126,3,75.98041110791544,43.5433788797134,58.37025880196556,42.888327991607234,162.99738539525387,2.241841918669353,13.139489534506918,0.8517824287362681,28.496574204534628,0.2944682508111211,41.53385589421168,4,41.615812386851786,0,2,115301.38994718622,8.440614926074586,8071.011883854237,6749.528929953869,1.0,1,55.406092003612585,81.0316115300895,53.76888118090918,0
45466,33,Female,Bachelor,Single,Tier1,Support,Full-time,2,2,2,16,84.80791493215688,80.18386924981948,70.19548920226407,4.170961812549884,5.0,8,80.25269159752384,54.77035880796027,66.63474728795447,62.64576635131948,202.437449078858,32.04955020925876,51.93875612431879,0.9548711267815416,35.37238378410103,0.2259002544940372,28.355771241654075,1,50.116191148269046,3,2,75687.46969081245,7.472675191881486,12329.27477315078,6486.023893025095,0.8739874096993102,4,61.36749062450591,54.16084998561166,28.550629440911845,0
1967,23,Male,Bachelor,Single,Tier3,HR,Full-time,10,7,5,13,70.09094161874567,73.2238608565323,63.54213973973355,3.62561683922494,3.8911973549096346,1,76.6138819737827,83.67580274973352,64.28183235594634,73.33313648841518,166.22947327079865,10.510580955707193,14.994516548345224,0.8079148328566998,24.54497225492513,0.0369802756278947,30.53636979491044,3,84.0070517767115,3,0,75529.21755853311,9.59305943116603,11318.693176762878,6060.277822904944,0.9463297681668792,0,95.59447564953314,54.76274221884003,56.58474436073893,0
15153,54,Female,Bachelor,Married,Tier2,Sales,Full-time,5,1,4,5,50.95540077893387,57.10630458975463,59.89727310188134,2.268106849335926,2.966824622284731,4,54.20575548116847,32.19698046405348,48.3643368500322,45.696088761670666,180.4058391634229,33.13325472644091,38.25772471034839,0.8389802176147384,38.07996078585285,0.3673646178382904,41.5974326336974,1,49.17695278859665,2,5,103095.16275141342,4.018116688889575,6009.938492823849,4755.795733472223,0.947312788065914,0,66.59889129325079,81.03550512178111,90.424352383719,0
19114,23,Male,Master,Single,Tier1,HR,Full-time,10,3,2,4,81.96184216195556,76.74328233214904,72.67772776502228,3.86915961347428,3.496168121633373,2,66.92379122888751,53.03449613281488,58.24189307515541,69.27213775929155,160.36239229393482,11.312130297564083,29.322961216432496,0.771594162570139,21.66120390610041,0.1813886355493859,32.04053519998988,1,46.33045500911511,0,5,100986.649137502,10.92268745333691,13046.220367325455,5789.667593634738,0.8751213435245059,2,75.95146698727285,72.70528569826666,66.32613629985906,0
76207,40,Female,Bachelor,Single,Tier1,Finance,Full-time,1,1,1,8,60.64162317202186,64.3066897924766,58.84143848191559,1.2280670382839587,2.2611241800037187,6,58.0638291514456,36.75158259087513,49.46439492807613,66.43281298254968,157.27133490967955,28.331641438748107,37.67010191786975,0.7364422395860928,13.112615572313668,0.3356424449482615,26.538016539776088,5,59.12770391996776,1,4,112221.52500057349,9.499994173506604,8609.96055734912,5692.676931380714,0.93499071586616,1,73.9662731622377,82.80029950514432,45.75393648113446,0
32142,45,Male,Master,Married,Tier2,Operations,Full-time,4,3,4,6,77.09783313339119,74.48267334937026,75.4774504968895,3.318368766948096,2.6855172440543957,4,81.01620297716254,52.26282507573524,59.94864574896342,26.605265130106304,197.19409799980443,30.25214114629094,27.57989944481964,0.8141264120312329,17.02708944927102,0.1524082788517261,68.12284619043632,0,69.1535824081679,5,4,80565.15971282095,8.696765041302209,12391.328507921136,6083.785652788745,0.9630466536093704,0,78.50686062862552,83.79808022056325,49.71168515811305,0
21935,27,Female,Master,Married,Tier3,Finance,Full-time,7,2,4,4,90.2872608345698,81.82779864204312,67.63677028454522,5.0,5.0,2,87.7997924097742,44.12650479257148,59.4654610811846,33.210433765323984,164.54314035328073,11.212935117994846,19.0874761094191,0.7780332627954103,23.01170076873642,0.1525245793746801,61.011075308998834,1,50.91564420134551,4,5,106902.88379040523,8.037563249064428,10517.1927476141,4777.506388136459,0.9570132559963042,5,68.11084396285811,80.98819067300079,71.67174981557997,1
40360,42,Male,Bachelor,Married,Tier2,Sales,Full-time,7,0,0,16,78.57317033055217,79.15469900907507,81.22845303641354,3.9270263582830913,4.548915661859665,7,90.55188500200592,75.52704878394437,56.01349794087332,62.988011951327536,193.78366340963663,20.101833576227428,59.31932019144969,0.718511842051192,29.287699713002997,0.0894407393666414,22.721277600848808,3,75.07154998617636,0,6,119254.20550693634,6.842020576543121,12639.16507814258,5973.570881634174,0.9349111409618354,0,61.72222353521299,74.2836515117412,53.15403028034031,0
53842,28,Male,Bachelor,Single,Tier2,Operations,Full-time,3,1,0,17,95.04353163674293,87.28973921747486,79.70977685784393,3.999915921729376,3.9342198888495696,5,100.0,83.8125873840866,69.18897821316533,72.5847554795773,161.58722166884152,24.915806130019615,39.67695418284302,0.8144442062631471,20.14990240393439,0.373082633829378,47.86076372939198,3,83.73840939008205,2,1,83592.33395470477,8.116885558208642,14281.133958356902,7254.128918104394,0.8200955412585371,2,65.55910408304047,56.29397449050806,36.39063122450689,0
9163,35,Male,Bachelor,Single,Tier1,Engineering,Contract,4,4,1,19,71.95482762059504,67.92679529846903,63.24242487245058,2.8652344096921976,3.017110989263994,9,65.71141001727344,72.14924218006914,31.515400806757818,45.24758407410127,168.60710944382782,29.84326489780933,50.01195262043281,0.8105028522209153,12.731472812467514,0.2451837842116052,37.28967207966343,2,47.28075060786151,0,4,123677.35358522812,6.345797944388558,11843.213945890024,4651.249954699895,0.9333220518793788,1,74.81327688686984,69.45112857508198,81.84179434584915,0
87844,25,Female,Master,Single,Tier1,Finance,Full-time,14,14,10,6,72.76091265951078,65.56633373633804,58.49655369081935,3.687718450270328,3.369830198031332,4,66.21239694996729,34.42891667966535,43.15109303666216,35.68949095373285,155.92893355348554,10.351544389067392,39.610222783296166,0.8033034861834427,24.34793022011716,0.5292617750360639,18.0851774523924,3,43.65338627553072,1,5,113639.450968791,8.152359027560697,11133.271784418868,5025.84611349196,0.9126941524488968,3,72.060840798475,45.32193633884863,41.7028933940625,0
37630,42,Female,Bachelor,Single,Tier2,Operations,Full-time,6,4,1,10,61.256818771379706,57.70899144820228,59.71808710275952,2.511069058940038,3.056640623611197,5,66.59903528416305,54.91781457889024,42.00071471897548,47.87979698109039,185.28440909610072,24.38233424682051,43.58856751396439,0.8448267789252965,29.7211856776761,0.5305723664301208,26.806816078721244,5,55.02706487705426,3,3,59601.08189446353,9.984497958637794,7599.643744990385,5275.019833870403,0.9222005909232728,2,69.88343239571023,53.41739205128047,34.77575919152453,0
83305,44,Male,Bachelor,Single,Tier3,Operations,Full-time,4,0,3,14,79.910183466396,69.55370203158564,55.81896945492284,4.131592273013722,4.282540395532302,5,80.44427594000777,75.53772168854056,73.21513937919383,92.28285735868388,157.52373313134336,10.117221411683058,26.41609914959824,0.858625815731638,30.704514385823728,0.4886859622090382,34.88492674086836,3,80.76383127337795,0,1,89430.96554643053,6.889123073490152,10613.82058521318,5229.563565818319,0.901924656308324,3,59.75068803774747,80.64988388408726,56.83220349990543,0
66270,32,Female,Bachelor,Single,Tier1,Operations,Full-time,4,2,3,17,79.59025219089916,73.37375084435848,64.42161452422333,3.5118179198412083,2.779357706180341,9,93.25423854791248,89.89628114168588,51.98585164240306,79.49583465215653,182.3625102182803,29.24887358020032,60.60526633917004,0.7816468111311852,17.852976807020177,0.1206662853494308,40.52124038240416,1,82.8131414980501,2,2,121718.79261187727,5.184355980575781,12237.418708258125,4307.388798179984,0.8695902911785957,2,86.74158936673285,48.39804748552122,76.8086842092281,0
34654,41,Male,Master,Single,Tier1,Operations,Contract,3,2,2,19,68.86504277002335,63.33590444024435,52.10211818496624,3.345387989199544,3.246176436702342,2,69.07939824733525,66.78787283728309,51.42158190649751,46.39961670567834,160.209895302911,18.667025055035257,27.55547445713237,0.8933262363775761,18.83067579979637,0.7135848401636512,29.874508602002216,1,59.58398095887651,1,6,102789.47150623224,6.35944134350759,10642.0511448077,4491.975321059047,0.9105672577336422,2,51.57651211939496,62.468725522683066,59.60485478344929,0
41963,35,Male,Bachelor,Single,Tier1,Finance,Full-time,4,0,3,5,74.17892809116788,77.76830131400433,73.27285498185898,3.5504279359620963,4.7103310505963405,3,77.65544032409521,80.83490835686936,43.237773726397606,72.55339006809928,197.73721278177788,26.66314961414608,33.90907076208401,0.8629658051500857,20.24610473406849,0.3173272594308816,47.16761154045375,3,71.74667806609547,3,4,94126.74150156855,7.819487727700126,10420.49148148195,4955.53017693751,0.8806272564221725,2,63.449369372906446,56.89798362881027,40.65482259618112,0
39591,53,Female,PhD,Married,Tier2,Finance,Full-time,7,4,3,4,84.14329388166412,82.28884323481086,81.58570214594643,4.262144500619,4.004479978742893,7,75.00302590868971,59.51499024702426,57.68029290381463,52.205851247953404,205.19232609928488,22.258485470697675,49.92241433111718,0.7577700375077818,19.899302628069748,0.279275726143314,54.79722902712604,3,63.1779151426196,1,3,97675.66304948332,7.4397310110971695,14419.399955135388,5895.475152076706,0.9277050852990018,1,60.763478980864456,61.83034275720172,33.283474962639616,0
81036,22,Male,Bachelor,Married,Tier1,Sales,Full-time,3,1,1,7,68.51863597212633,68.93496867822854,66.62472690020314,3.155806031492168,3.7920329922745295,5,77.04913486742709,75.53789622825988,71.56667757801767,64.06711021762031,183.6765491706433,26.21933466909497,35.06670395792623,0.8153952029747622,23.11690867576945,0.1368715990964799,55.411861163987496,2,79.40856022535584,3,5,124403.74939669576,6.488006655580167,9268.009680487718,8093.508752157688,0.9187915033546892,1,55.81370755634612,69.15091385634733,37.82846034403613,0
10981,50,Male,Bachelor,Married,Tier1,Support,Full-time,1,1,1,19,41.90265617001827,47.91470964770622,51.272639499856936,1.1682621383736684,3.00413249582464,3,38.40263629527345,56.65713912726004,66.18172335508487,57.73746732489696,162.8196778380485,1.2239880461798889,24.89375661896787,0.8356291558970306,19.01965404488292,0.1240151037311464,53.55556962952126,2,63.30718454391115,5,2,80040.49454158559,8.37444411292079,8222.18184466293,5805.306545410424,0.8946079866370411,6,67.46338937966571,71.80441225950855,39.171855529036144,0
56300,53,Male,Master,Married,Tier1,Sales,Full-time,2,0,0,16,63.656506843716514,71.07748068150893,68.56633915170045,1.8749008928807,2.207309296402194,5,62.60989167329631,70.48622006684974,34.77836965023408,61.99129078551925,171.26265380340948,10.790890811857665,30.80203831659688,0.8097543846845526,12.233781527203652,0.3357254072124582,77.54270544724139,4,82.90736599680297,3,1,119934.6588104759,5.490824318244195,9216.980100381124,3175.290519619467,0.9026663172107446,1,68.05038621150055,73.1663219045683,60.718106977036896,0
61549,40,Male,Bachelor,Single,Tier3,Operations,Full-time,3,1,0,3,57.60358080646879,46.4814930304757,57.478156996546026,2.140888191870697,3.238492208760884,3,53.76569220900861,53.20694335811254,45.07560151604898,47.45607538439605,166.94109396327278,19.95357054824967,27.57279461112386,0.838355581700395,43.197744701987546,0.2588670846909403,41.9875783482445,4,59.01556011306503,1,4,65376.454674866734,6.764202380677055,6677.934094528457,3100.791279906007,0.96308369310224,5,88.30260886247103,83.8584158467045,32.18752858858129,1
88401,27,Male,Master,Married,Tier3,HR,Full-time,1,0,1,17,100.0,95.19643770498688,81.11827638489511,4.172035066996571,5.0,5,100.0,78.38133186753092,81.75331775594944,51.50779868623911,181.66231332885653,12.528943012762053,33.32278252435955,0.9424557099659436,15.484049574844656,0.5418081933390883,56.54451681993613,4,79.80015924610346,2,3,79253.56835910864,8.66993575784553,17800.922350265228,6917.033702686947,0.9547810053916974,2,74.15928285833428,85.15382596419795,35.05278321143231,0
44324,36,Male,Master,Married,Tier1,Sales,Full-time,1,1,0,7,47.162090745303104,45.12266154464414,49.36490470680219,1.7564224180306998,2.876150573526202,6,30.915866315389454,69.65736354677215,56.29949849355835,59.596425778809376,204.3536019152333,29.976856031394007,43.73878690386391,0.7785869749984685,28.80120141553288,0.3975090707995831,41.35757356513117,4,69.60461402739324,2,4,121403.8738613664,8.42449052782343,6687.090062280202,5977.6856878318085,0.937652569085831,3,93.92111414769226,93.00590505874436,37.6783587395353,0
55208,58,Female,Bachelor,Married,Tier3,Finance,Full-time,2,1,1,17,59.2081008594204,55.93120837590553,56.690150613401286,3.3732001128981457,3.967816052004566,7,44.8120588843726,68.02853326842511,62.859976345543096,35.81047801746841,166.6582300618196,0.0,38.65939284529007,0.8697924660552839,40.69627662715067,0.6108821962262506,23.180651632619977,3,49.1326363781413,1,0,101647.4808940211,5.875746055309946,9318.428342744148,5008.49955029529,0.9496918381161882,1,85.71788314565447,51.1027216333415,54.35375636552055,0
53528,59,Male,Bachelor,Single,Tier3,Sales,Full-time,6,2,3,12,65.59948687168233,60.1024751571973,59.085043168307294,2.9070321175406275,2.9642052526009306,7,70.95002442248226,47.834697410300606,56.38732445729621,47.4291622562917,193.24092740282163,30.033394762855643,53.03497719798101,0.7607744848717586,23.21029061717768,0.4807265607721332,29.687290287552276,3,71.94265666404834,2,5,120765.3926263576,10.035606670481174,8316.407412328374,6221.318870842305,0.9707644427802212,3,53.36834399723924,89.53604361976622,100.0,0
26971,34,Male,Bachelor,Single,Tier1,Support,Full-time,8,3,6,8,83.7326031151862,85.35072172634551,78.44165667828761,4.903073561496764,3.211638851598817,3,83.16964328446073,99.17632918411056,76.71837804038009,68.13319668821525,198.12869345629707,19.777975301273308,19.652896080996,0.741064026142807,17.533006307889693,0.1740290019815194,53.30857920418978,0,99.50049338377988,4,6,106557.45315127174,8.71174429953805,10021.253116781932,7397.179641075459,0.915440469281514,1,49.82830307290845,96.59937517128772,56.2523952388779,0
73218,25,Female,Bachelor,Married,Tier3,HR,Full-time,9,5,1,9,73.19538288739247,71.72081869675377,70.06305537707892,3.151435940284037,4.207848999192926,6,56.35306496703461,88.16102467137884,83.24509089335481,47.91458592098552,143.25257919167726,18.668702663778205,42.63438727795281,0.889418301341163,26.247973216476908,0.076138755590214,35.727292361043496,1,81.37436826781259,3,1,89819.36515629051,9.014948461556967,9235.357587412853,7027.026766840105,0.9251548674303692,6,64.29288602992463,63.4888165329698,23.86641358839683,0
65891,49,Female,Bachelor,Married,Tier1,HR,Full-time,2,2,2,3,92.52623141136034,89.32248363553033,86.61843522211052,4.880088572256906,3.586485192271584,1,100.0,100.0,74.01740573993703,65.08486258359189,158.70154016341704,4.705309643606337,8.127629399705242,0.8739457808278952,19.01363032138128,0.6424330463810048,40.06149020413478,0,100.0,0,3,94744.47127017884,4.820522704468342,13953.91786519066,6748.110494400917,0.860896267367564,2,60.72015866800852,71.99197196403033,84.83218825640685,0
42222,35,Female,Bachelor,Married,Tier2,Support,Full-time,8,1,6,5,100.0,96.15616667231058,85.92626758975452,4.380708821555074,4.795656438920052,7,100.0,75.95441666060876,78.73994988440259,52.81567280150391,178.3394852490242,16.09555999633001,37.9823052852563,0.881751610126355,12.6053602718622,0.3488662546196218,46.97024955932896,4,63.37275325786333,1,3,93319.13588725482,9.356850158558366,11838.158383449438,8528.77341819759,0.9349190543522018,4,90.80870422531297,41.063944100625335,73.78591940036554,0
97866,53,Male,Bachelor,Married,Tier1,Sales,Contract,4,3,1,10,69.16327658520761,71.73477875112164,79.2077403482917,3.4590867370861678,3.807618652374282,4,61.38316884845907,48.54557802704953,51.66074131128013,42.38779125627242,203.1123302219342,22.08893705639657,30.00593756707466,0.8558956661949738,19.712566723992037,0.0703788273843813,39.1860943801657,2,46.01961913619082,3,2,127018.35240155898,5.015472523021042,11901.595645533398,4299.39452183056,0.9467378627688284,1,64.07114667009458,67.75478469431765,26.50478785464962,0
12251,35,Female,Bachelor,Married,Tier3,Marketing,Full-time,6,6,5,13,100.0,92.74557474262224,84.94500970411165,4.25838422069698,5.0,10,100.0,80.13737177564416,70.1613750319683,56.44853759277355,196.7642460332344,43.80665920944844,53.21117137606052,0.8361530542694512,34.10412643968621,0.5355853930519915,70.47218586541845,2,75.79782154216093,3,0,81711.9354385149,12.174433440448077,14139.8154143292,7232.896142965791,0.9434553439199832,5,71.35396479166823,83.25041647179265,44.75800571352868,0
69437,50,Male,Bachelor,Married,Tier3,HR,Full-time,2,0,2,9,41.097791717095085,45.77014130634719,50.183255497165945,1.982628708721205,2.5615185740904343,6,41.98814552272461,55.35884505705344,49.42716560340763,36.7662443190019,165.96115367317157,14.401768545934612,44.355935321692215,0.8832839968018186,29.06184872177467,0.3568936732110025,45.40008230102091,0,69.17987754770874,0,7,72697.98833928887,4.153684665924729,6306.922568080534,3917.037437651448,0.8065948666048999,2,72.35149726596205,67.60646705341107,68.43791220095461,0
38433,23,Female,Master,Single,Tier1,Operations,Full-time,1,0,0,10,54.75304378534948,50.654727519067066,52.4376999667065,2.6621739446641604,1.185830070446085,5,48.42414464148309,51.20068268366212,35.95743226765986,59.49164210181534,184.8182173647379,11.567867683769322,26.2025327558597,0.8453593775962865,37.79051025384544,0.255887989774229,55.06240563674183,1,61.790978567913,4,1,84536.19066343577,10.347880745427696,7148.050927009625,2908.038248184708,0.8947244918525671,1,96.5028970259285,57.83747845709986,67.69360575849842,0
40890,50,Male,Bachelor,Married,Tier1,HR,Full-time,7,2,5,17,78.2221871499086,82.26182490190652,74.48150408286003,4.0386835693131165,4.2249620929716905,3,91.74547113009338,67.24749457286715,74.87006572106843,43.24598004114468,148.34780072120077,0.834219989336491,22.636428200053626,0.7476053175421413,30.203848656182743,0.1369201115412549,57.29788445908476,1,65.88755918070136,2,6,111607.31000419572,7.251492518629064,10872.678535420724,5296.498805804509,1.0,1,77.03333522347864,44.39111660169322,48.8888318428488,0
30999,54,Male,Bachelor,Married,Tier2,Support,Full-time,3,1,1,16,98.52070488318256,96.73293988843632,93.02562708218754,5.0,4.900064889176069,0,100.0,88.50726497832758,75.70557556089393,64.52987439273807,149.90003536264032,6.829374605768528,5.0,0.747950655752741,28.73430517451689,0.1514481596141992,48.28890508449878,3,84.87877380818227,1,1,91491.6093511922,7.122918597599798,14121.233962586915,6377.921528961981,0.9023856549975858,2,50.015563433879024,75.55499613567318,48.77827441086145,0
56146,39,Female,Master,Single,Tier2,Engineering,Full-time,5,0,3,3,78.0414369186797,80.77361871099602,78.54870936855792,3.413077969144526,4.309404276301136,9,87.86221655467202,75.56919004235121,58.32833694643157,67.92507192826089,164.78190993821022,24.191376453997783,53.28369342435357,0.8061252234770575,32.358072238345855,0.0814829907120522,53.45769233621922,2,70.22210948640009,0,5,106973.7816763322,7.307529146304026,12842.821302791734,5941.535283663912,0.996779367012314,1,56.36953076691383,54.81655675191762,45.92181341997024,1
95414,25,Male,Bachelor,Married,Tier3,Sales,Full-time,2,0,2,17,64.43014564981142,66.55273961723651,74.6222995015641,3.0749597977420136,3.5870331756996863,5,63.31555226536175,57.084062396075154,56.45933678324487,70.22219489270272,181.2048945185842,17.699455726349246,41.0934561364676,0.8964914785262967,32.74011722956498,0.1205162346750952,22.202640977059414,5,76.46900757862984,0,2,87324.13681977485,4.412629733378935,10683.821476257788,5332.520860566701,0.8891365168472599,1,83.65526267272588,79.88003334079804,57.95065563763886,0
22156,35,Female,Bachelor,Single,Tier2,HR,Full-time,8,0,3,18,68.43071465522587,55.314912159229806,58.21207818041552,4.301103259363797,2.764456783052706,4,62.777181215970415,65.3647433098894,65.28279232692974,60.24971673252052,164.67834864069772,16.811333710420083,38.027311181705855,0.8307086335510253,18.38287557577401,0.178212955464516,24.71977435789097,1,63.70089499325206,0,5,96900.7376369153,10.17193720909474,10942.312427098652,6806.347103799815,0.9036643685497832,1,69.9503979882995,46.42556626251893,36.23429012373711,1
17614,38,Male,Bachelor,Married,Tier2,Operations,Full-time,3,1,1,16,45.25824057596428,40.0,47.605451854244606,2.366995135417321,2.5490695600259,4,45.07189023011274,93.35353380823544,64.84260132394074,39.18915550291655,170.316779000741,23.24798511605996,35.22964615320108,0.7444069024521474,39.26920570126492,0.4261915646727826,21.699701513434448,1,72.75240973249686,3,1,65389.17718060439,8.259185401819114,6776.911775827166,5377.117947857063,0.910921390630094,0,72.67677222393078,71.63125442236164,0.0,0
56444,51,Male,Master,Married,Tier3,Finance,Full-time,2,1,2,7,85.85131459051824,92.77435943196608,81.74117871736365,3.760542231490445,2.9089272680936458,1,100.0,47.36121825025575,42.959521693048266,45.24095868291584,149.1995769901097,13.105445869906363,28.136851076580143,0.8729182229117965,24.72971907223752,0.4419833145642669,44.6109513665526,5,64.46612363485579,3,4,106078.1832485504,9.048913618298885,11773.04521407534,5169.744909666762,0.936988294544115,1,56.2323359947633,75.19760391492498,51.4037229782899,0
98400,23,Male,Bachelor,Married,Tier1,Sales,Full-time,4,4,4,6,74.50229869945052,77.44314246755096,71.34531313352818,3.801466100531313,4.291597221017456,8,61.13818054895742,81.96267515875151,69.48274117018087,46.63639792152432,201.78770960791235,35.892273884646485,51.77552224253253,0.7515349434129245,27.13754762768073,0.08931469021374,26.16427913127833,1,80.51720911357206,2,2,115119.72347555144,12.336544904721634,12245.72677173612,7604.25778904103,0.9506911289549482,1,62.869438272521705,65.08583005468527,47.12976521195615,0
24053,32,Male,Master,Married,Tier1,Support,Full-time,3,2,3,4,72.10932595123886,65.64827569640171,60.37981265375949,2.8413693200262387,2.824817333345118,2,88.16756170997081,55.85110636525667,43.91795404315664,66.56861062823128,196.1309039006634,22.099387867815423,26.0914395304424,0.8605147637494904,35.04979470868372,0.3298689970041058,37.130008420369634,2,65.46425952240645,1,1,92364.24534404714,6.329106516636326,8272.116393852439,5374.299238472971,0.9766423512569192,2,58.19731152882392,76.03007790065573,30.29556791361005,0
50243,46,Male,Bachelor,Single,Tier1,HR,Full-time,4,1,4,4,49.72343649071674,47.89901496114966,54.33605216347628,1.806651459530616,2.801512126324179,5,53.24910652244528,62.5705326621031,37.134323704850274,44.264875365959234,191.745530712504,21.94500541714775,37.89519887770447,0.7696945520124134,26.43750647482114,0.2819552910206613,28.944616580772426,3,64.24054581761104,2,3,81723.5354466483,5.817040485206151,9982.795647017589,3504.984080552936,0.9145505305857904,4,63.63499366019571,68.14579188163495,62.51052945799121,0
58999,42,Female,Master,Single,Tier1,Finance,Full-time,6,2,6,12,82.4072223069848,81.18896531902512,76.5593367216024,4.19408789567772,4.483101309595115,1,94.58393840956656,28.77816950809934,58.419094125130265,56.71352987695982,151.46841457798615,8.91552245812712,11.552625030560282,0.7108833968871541,13.875863160157325,0.5049993602731496,46.15321887650554,3,64.18243843613809,2,2,115031.91347607698,7.779252269204085,11165.634349136391,5252.200406362715,0.8084800492433771,4,66.05885945723323,83.09566019990626,58.85056861053259,0
31345,59,Male,Bachelor,Married,Tier1,Operations,Full-time,9,6,0,18,67.73188502778567,74.59637094441611,65.68151305285588,2.929525117619906,3.365669178578658,4,63.40369409125015,86.91309475596634,59.36606769338521,69.74789619634598,144.14684809750838,11.940304390309368,36.76691249140326,0.8678393431319322,36.67102881621597,0.5397000984537935,46.10575626641841,5,82.48452184061466,4,3,79929.98228835853,9.775402546339972,11166.630922458102,7799.803967019501,0.9830402045574544,2,67.91780931187043,55.655685861865,61.12915140566689,0
61242,31,Female,Master,Single,Tier1,HR,Full-time,3,0,2,8,58.00546358870496,59.365510147988566,53.180167051188974,2.7817666026041805,3.0776104581462844,4,53.04116453440777,62.36181215296942,36.22315599938028,53.15581859129085,157.00763082719317,11.675201870721695,40.81838671379263,0.7393898619347301,24.72089034270902,0.5586533021946333,34.00916372566608,1,65.52656812562414,1,1,87678.92951183114,9.723168638413958,10105.717313722362,2159.5809541957715,0.9371158885417018,1,92.282433856649,74.97310967819995,58.49659973872426,0
92530,29,Male,Master,Single,Tier1,Marketing,Full-time,4,2,2,9,79.32509972576901,82.81883541073414,82.11894379032245,3.908520158841703,4.202198591063046,4,70.89240428489364,52.54444752375376,48.72147620704272,37.93006384327454,160.65136424802336,1.3197763608202493,21.908851960362565,0.7278236828629858,32.78608700175735,0.1763536048524537,39.838047331224445,1,48.74606231272722,5,2,111929.831039751,8.164553104236175,12493.905635193652,3816.9192410261794,0.9346682065754136,2,80.47684610738236,38.272028353308045,15.6389507771963,0
80829,47,Male,PhD,Single,Tier1,Operations,Full-time,6,2,5,15,41.48151396088562,40.0,45.90082672649732,2.6687053102111307,2.1470554884168367,4,31.51207960780313,77.26054336344714,47.91450599482936,69.85458414635508,164.81242729146766,10.03355397402969,28.786596759772827,0.9648438551346474,30.536501358215027,0.2690011474579219,30.43277708281736,0,52.619202809997326,1,4,103969.47982841916,5.185461414489703,4625.96440556201,5546.389221487114,0.9771508487946674,0,48.00273163300261,82.94974439995661,44.33433376171503,0
51726,29,Female,Master,Single,Tier2,Marketing,Full-time,0,0,0,3,58.91006869975239,56.896009500552665,49.46696814829745,2.529623530937828,3.794349427949463,6,48.623371347925975,83.29806328088321,45.74784703260895,64.53942641633674,141.91065355821956,19.72701307243324,36.770862352729736,0.6807854643854951,19.217233041764985,0.2305440975432559,22.859222572004068,2,79.32566764867263,2,1,73398.27288639298,7.26185690831626,4299.045189929472,5701.090933585869,0.9216786373940952,1,82.73676325996064,74.79088440866678,45.25801443496653,0
33880,58,Female,Master,Single,Tier3,HR,Contract,2,1,1,19,62.50952484022467,64.70931847425905,69.74919750544991,2.913129744843949,2.692383529858688,1,69.75241262295876,84.0950082719659,80.50800537252346,65.34928441734397,165.47433697970456,11.051439241510804,17.568053315247067,0.8676601592270612,26.07119875372045,0.2840885617710317,44.22853459894825,3,89.97733666903056,1,6,71197.49456949014,11.77119507952987,11170.014517315798,7234.968181071816,0.951644468932351,4,59.404409934055785,66.45558752675403,32.51903548264475,0
83007,30,Male,Bachelor,Single,Tier3,Sales,Full-time,6,5,5,4,66.06970215238216,53.988187843694206,52.21438607823404,4.098870381496818,3.382039851388531,5,63.99410233755328,100.0,68.56889664859256,66.39822695482245,145.13320936633954,17.448077135724414,40.62585002453838,0.8292019632378002,16.14040502937786,0.3479672062113187,45.96411277960518,7,97.4661968057678,5,1,98695.61230864828,10.933747937387164,9539.720745324928,4942.213630272089,0.974064601262672,3,40.28106512653606,57.63821963250865,8.555611068026245,0
73909,30,Male,Bachelor,Single,Tier1,Sales,Contract,8,0,6,4,45.84459877144437,40.0,47.81032883994149,2.865543191888372,1.9326870359614643,2,53.72306055706355,71.77340059897517,55.74481053241518,56.68077433629268,137.47492537967065,12.874821925197818,25.929590878180463,0.8271640292161264,30.180031460744853,0.3674073780054062,53.36094613970957,4,71.22994450813269,3,4,98311.5159076792,6.809594306181005,8118.0920356729475,6224.684806677949,0.9293758446244296,4,55.86342619527632,50.74395565278611,21.92623151911946,0
67247,27,Female,Bachelor,Single,Tier1,Engineering,Full-time,7,0,4,12,86.29540184826688,86.93972407573209,88.09945747296989,4.253422711610018,3.543375394317365,4,100.0,61.0288738008686,53.37319400276537,41.01119682209736,183.12860497285428,5.873048500909626,28.81109610195369,0.7951694806039138,35.53210120355057,0.3670286624587591,34.6881196573604,4,75.93569442415588,3,1,110319.26174597352,9.54625014857569,13062.56291674567,5684.005089135646,0.9872808417955402,4,63.98080047392711,61.39541897101419,48.74677100040409,0
88808,30,Male,Master,Married,Tier3,Marketing,Full-time,1,1,1,11,65.75774289913848,68.30356725708377,66.99124956338389,3.0103057695457838,4.181215692117814,3,49.56222542395601,100.0,48.37853388955061,60.25408714856295,197.56536837696552,12.033331287630457,25.902324749796087,0.8325051969663343,22.666497063138717,0.5837686267512416,43.53213262332821,1,83.02287910866434,1,1,71378.07195627755,9.895196726380911,9368.285568782458,4012.522192121959,0.9280319428955948,0,53.67640442517971,81.47944613055509,46.13615625846517,0
13122,57,Female,Bachelor,Married,Tier2,Sales,Full-time,4,1,1,5,62.94781296669548,54.89649165517833,48.55390234996683,2.4537820729938784,3.00610180450233,6,73.9145589174437,78.79356689441428,65.93837447637698,54.5758848822489,181.56621123776063,17.991589627277033,49.00140974987548,0.7388491784999385,21.17326639463174,0.1694603518866011,26.878394276853363,4,71.60348236642294,2,4,93905.33922592444,5.504553714260943,7822.757845641498,6276.060051902806,0.9467694337044272,1,74.60644461763792,54.82456544795416,48.26727877770892,0
8258,51,Female,Master,Married,Tier1,Operations,Full-time,6,4,6,8,63.59388631241619,53.58403499779243,40.0,3.5133506915998023,2.61050884596603,9,59.960516109264944,75.32896936248056,49.731410815426784,49.91567278182735,176.39950232232272,18.835042203055437,52.693857495257696,0.8565275396490325,26.92965018270042,0.0902205190620044,39.741723166266425,8,74.09987904481966,3,4,111671.73706746618,10.1436726423901,7859.908823619654,5289.973291680069,0.989201186586438,4,100.0,63.0393143793779,82.72957870254743,0
93381,26,Female,Bachelor,Married,Tier2,Marketing,Full-time,4,0,0,18,59.25345084992912,56.50835021853063,57.8109312334569,2.423772236537367,1.9487428822216213,6,71.75466011656101,49.83608753252832,43.64064525352485,65.64979463135188,161.84948665745367,25.552415573663755,39.77752305975212,0.6439493155509832,16.58265477710455,0.2438869818142449,55.169081324594046,4,68.29937788125106,3,1,102102.5064379316,8.424388565860276,6347.39135815597,3456.167172936807,0.9834839805052472,2,76.11495280710827,28.60450168243788,15.064725931871225,0
13915,50,Female,Bachelor,Married,Tier2,Sales,Full-time,1,0,0,16,63.9502043823369,53.13187756220184,56.13490801281421,2.746265043132723,3.359087358904217,6,54.854660544822536,81.53415271044486,67.16087988928089,64.2140675134609,177.29692909735618,27.635243119198947,29.04558220678788,0.9075484165703258,27.011057303836036,0.1248357173270779,41.30682237931154,4,97.29630059224291,4,4,91853.54267376495,7.792058344956132,9448.77219781988,5653.690686618162,0.8501314788947206,2,75.66978158925843,63.11788783143718,73.6385622278222,0
30903,37,Female,Master,Married,Tier2,Operations,Full-time,19,7,7,10,84.35466184974707,88.538250007578,88.23937071679407,3.696734842539984,4.765274301730109,4,89.58883940273282,69.44402913089334,76.31741350484461,50.14606475800612,158.96359170776114,27.371364750407743,18.7483432101546,0.8402392751061057,14.456218909307218,0.2432329399258342,28.91644657080696,3,46.83588994497264,0,5,98444.4442362442,4.1794575927628745,12634.645319852749,7024.992916001829,0.9631744043073456,2,30.223260705770564,44.68259054436351,91.34814289023024,0
72859,55,Male,Bachelor,Married,Tier1,Support,Full-time,3,3,2,10,65.54542449434126,63.80248420807643,61.87504232954052,2.800410898535263,4.249354117038154,3,53.94604385323144,51.293174187820746,51.14229657597773,50.53127285243701,155.03561029388754,20.032217175183057,26.15305067922736,0.8790827785909507,28.28692363511172,0.2722182103330046,49.52076368549442,0,63.94940442994039,2,4,93791.3079574388,9.057187680770156,12350.9979449787,4873.610895251195,0.9089047280395782,3,96.40416638439824,65.08764160042809,41.882589311646655,0
20293,39,Female,Bachelor,Married,Tier2,Operations,Full-time,7,1,6,16,74.56905907819343,71.24452873006385,62.43143810392002,2.946800924356154,3.442237391294958,3,75.95315247656696,40.98221699208264,35.91416780402491,39.56162338637971,151.03719320010455,20.558670455714648,30.626905777649743,0.8899020890344813,39.62259258218441,0.7289048376851367,35.23039543937092,1,48.91875266001752,0,4,77335.685490184,6.3810554112325,10996.553615210798,3794.347171242685,0.9859732612910624,4,67.15672478883813,66.1525516417618,24.948167370646463,0
58171,23,Male,Bachelor,Married,Tier2,Finance,Full-time,3,1,1,4,67.70718984141386,66.05473254742365,54.59512094012318,2.982872624621712,2.8971383322703783,4,58.63227610110368,54.17592817233194,37.44737564176755,47.7763664547248,183.1475160354369,24.75251502045274,34.85781102236736,0.7599192538682372,12.365911549602163,0.258222849511533,42.48357041452675,0,69.8449694293517,2,0,127945.21569171258,5.756298993692711,9669.475910469971,4898.502395428911,0.8858565534460975,0,72.18768857423457,70.3680233965474,52.56775962649414,0
20950,27,Male,Bachelor,Single,Tier3,Engineering,Full-time,1,0,0,11,71.55104806939046,71.14189264282051,73.22794798286304,4.185003329576828,2.521977720160828,6,63.25040426649136,59.097081807208426,49.27019644757947,68.41724451270238,197.253909265602,19.177891019866053,37.95446133317537,0.8340400408742799,35.07863231339692,0.0696181745493645,41.7684691291535,1,76.7701536431468,1,1,73119.25916345551,6.382886458342879,14371.213844617158,4852.292081632281,0.949426527427478,1,73.86521974994753,68.10177958071571,49.509128898570566,1
36695,34,Male,Bachelor,Married,Tier1,Support,Full-time,8,0,7,9,75.8191353367942,88.63555978235522,72.83450160028622,4.352017877494596,3.068439563512494,4,81.60817625593387,44.72815508373373,40.32430794733503,28.65322090793571,184.49009838433304,15.889661113112744,30.46397223948047,0.8358183003755955,16.207745082870503,0.5130710766889633,55.22592154236787,2,44.64887907178103,0,1,102032.71710973838,5.2419794964115,9362.619324393025,4784.90220032437,0.8791402099115828,4,94.45010836751736,64.8486230153379,100.0,0
8526,31,Female,Bachelor,Single,Tier2,Sales,Full-time,3,0,2,5,73.432911771736,77.35836948040694,76.79270362930168,3.1109093454726224,4.477127240837348,6,70.10902865904443,74.23926194689784,58.13864091063928,52.36598842314973,153.56218732475264,5.000362589333591,32.945516524946164,0.7785256360320328,17.958449380753347,0.2163593760529852,33.18103130070756,4,68.20164979192644,1,3,122676.5265699622,7.620333163434477,9280.988187645837,5341.280362808408,0.9336691355882724,1,75.69167371234022,54.66626836195709,51.97875564710184,0
78272,58,Female,Bachelor,Married,Tier3,Sales,Full-time,2,1,2,14,65.85473873905599,70.15235063684466,56.43157460732627,3.5914915918757844,2.7883921607878888,5,82.26900888942976,48.121368164594855,36.35042275786898,56.86064442442927,176.45710736314376,17.070513428902608,43.4492393255714,0.8961737699679193,12.280053359240217,0.090175691146877,38.46790317696088,1,45.79218897526732,0,5,88908.24900715624,1.8104980350815485,7016.873410473551,4561.618783711078,0.9061629567987712,2,86.07894707399001,90.6369417732035,74.13645831495255,0
77403,50,Male,Bachelor,Single,Tier3,Support,Full-time,8,7,6,3,73.99939352184194,73.23314327644151,55.11422069459685,3.566542170025169,4.332167358226801,5,72.56733174013029,61.34801546214307,61.12609679458606,61.200588956103694,194.90655105622488,32.928909309494216,28.737523582475816,0.8660962738951226,34.35020622253128,0.4435969381743335,39.894715154729774,0,65.04446986771198,2,2,79717.83766542599,6.04721793358289,10947.832922210073,5412.299486928876,1.0,6,91.92414845678948,85.48602952888197,64.68341993044784,0
77652,37,Male,Master,Married,Tier1,Operations,Contract,4,2,4,16,72.57838598841089,71.50845126165281,65.53827452917167,3.954814164751711,4.582414482338583,8,63.59759431770826,81.91425493084074,47.41674401735804,54.0894499165882,195.39626108227577,17.574851336951028,51.93751502691757,0.9034839089544742,23.846319561706736,0.2501341022032048,28.65436630517733,4,84.49637814899563,4,3,88283.52591608488,7.186883412858117,10353.790529615388,5541.203975456636,0.9222056708249948,1,80.58191880907164,67.04931058965025,28.181328744612426,0
99837,44,Female,Bachelor,Single,Tier2,Finance,Full-time,4,4,2,14,71.86292758501423,63.49543885982983,45.417316406922325,3.523979402753386,3.837139726976674,3,63.49475687289394,37.78709334791476,67.56021087877956,23.04884305619922,197.04653220502703,15.901147477284733,33.544683183343466,0.7596813228497487,33.99723449161027,0.2826844160116907,49.41716439837573,2,39.68078370203148,2,3,112385.51317527634,4.628276974915931,12695.700535679289,6917.731443012366,0.9305745845286664,1,70.71082973259604,50.17067949304524,54.4377018077314,0
92272,44,Male,Bachelor,Single,Tier3,Finance,Full-time,6,1,3,8,74.79137838614463,77.0436192851634,68.90496177058485,2.2572731981549343,3.566180226545419,2,88.21988554616347,51.37110071476323,58.99966655922171,49.33732805969184,173.12529758901792,0.0,20.47149192877035,0.8172788877912052,9.762782200692213,0.0705260317318497,50.80253524126502,3,66.66055334663659,3,6,90197.57919411898,4.043572865118639,10622.734867718204,6903.7167120049335,0.9484820682270444,4,63.37678814544046,91.20909911629788,45.947607781253645,0
29776,33,Female,Bachelor,Married,Tier1,Marketing,Full-time,8,7,3,18,88.56390547594891,88.09798644980744,76.1967034026759,4.315538003950452,4.357598127208459,5,90.63331560466698,70.02473264963899,75.3093469860498,54.605974828474864,146.6284984554277,12.70313194221799,26.53241831568895,0.7876355540337946,29.975254604149704,0.2537131387569594,30.7521638626161,3,71.48694341668862,2,3,131787.54375085502,9.27664118016574,12011.199628499233,7104.992287191537,0.9900794139499788,2,70.54497248024529,63.39008721589255,30.33409999244405,0
34808,41,Male,Bachelor,Married,Tier2,HR,Full-time,4,1,3,6,50.99351594860261,46.69257330607682,55.80079606613653,3.630593138425837,2.430041438670476,3,53.795333015918864,71.63383812425296,67.74160254989366,48.42373943798849,161.80052627419022,7.377198801613329,22.65126707100749,0.8148278270621554,27.187580289265654,0.460379783916389,42.39245215691526,3,86.61553318614031,4,3,49254.261772080274,6.659609703428069,6647.865335653054,6675.061937976736,0.9405153606050846,4,63.36455170730661,100.0,44.5284582326205,0
16886,35,Female,Bachelor,Married,Tier1,Operations,Full-time,10,10,2,5,57.76646166241105,62.71414974917775,55.13849127985072,1.8344516550933891,2.7085910563590017,5,57.150485855605496,69.23380492094599,63.49244004870105,81.927896481064,160.44771771614177,18.192801770013016,31.95758397445202,0.9136375553953708,27.59541150495712,0.3463458939074179,59.96196518698207,1,73.7568958529598,1,3,101927.72954537308,5.936350239942879,6225.060474008805,5554.070270852576,0.8840170977956499,1,79.55475213840992,88.69939574614955,19.618779335217532,0
49984,49,Male,Bachelor,Single,Tier3,Engineering,Full-time,4,4,2,10,66.03866398797753,67.86230249982968,61.94183204427785,2.9757209607325854,3.4349843530540043,11,66.50817897980168,62.32595462472585,52.10825213700225,61.93688074909026,178.9354353905348,36.100825741519294,61.898728458197695,0.9482506204244836,15.019428787922855,0.4474875630595738,43.8623524353896,3,56.56276781882191,2,1,126905.26750703866,4.246464689117589,9239.751870096012,4381.096327480109,0.9624098043832404,5,55.695937461408064,71.88356561265627,35.84662876951532,0
62615,44,Male,Bachelor,Married,Tier2,Engineering,Full-time,5,3,5,3,69.55321362618716,71.77181472455875,63.00944322340383,2.6851032951097245,5.0,5,82.27288542719252,54.93366486782936,42.012218661828925,20.67471294168061,142.5653635241392,13.064633023715093,31.348383097766227,0.879984370193845,7.940071646051919,0.4959003284093228,46.02199186493081,1,58.31172240485904,2,2,101511.23981584403,9.02435855266256,7259.814048184506,5836.225734186806,0.9376124377317048,2,93.5452416878364,75.3428670362164,67.00791631585659,0
14229,27,Male,Bachelor,Single,Tier2,Finance,Full-time,3,2,3,12,69.67023337653765,67.88065213334585,68.86876827731805,2.763442869534685,3.5519622780508726,3,65.45594614153805,54.985057364705845,62.97633286938572,49.0067002036384,153.5675076034753,27.78095181524695,27.941180510566213,0.8676080192998317,16.87959424895179,0.3776951329672128,26.023023793584585,3,43.77412638129914,2,1,92566.81849872266,6.417847855704133,11619.812363284313,4819.941135018595,0.880201359579688,0,41.43165169414686,69.34733642914885,26.71590087604148,0
52177,59,Female,Bachelor,Married,Tier3,Sales,Full-time,3,2,3,9,61.00118303742827,57.29361908528443,68.55059281401955,3.4099717982548103,3.631705241914169,2,59.28561328936213,83.5364212951739,56.86349917665896,58.65572655762601,174.08298716353946,17.062269211028106,32.572697093922464,0.7630292600650079,11.879604778568282,0.1968219370095911,46.42753909792605,6,92.22922348496468,1,4,86620.06864997422,4.661679022934655,9436.779174863932,5947.577567074277,0.9072300454636252,3,83.9643571520395,82.47392111439238,25.75398819524676,0
8029,42,Male,Bachelor,Single,Tier2,HR,Full-time,5,0,1,9,60.14781962947184,70.51665155719851,71.81055660106193,3.399682110264916,4.1558798630946185,2,60.46032702509141,53.64053457196528,62.799658548579,53.730959076215896,147.37457436523508,8.761534290473993,15.819475591633864,0.89945481137313,33.40883801552847,0.1590474659338477,49.8969877423726,1,57.262389557216736,4,4,88922.15082547138,7.662148178630925,8238.984262533588,6307.356829693943,0.9697527581716646,0,51.757234799254206,90.28836824707484,42.473900987423264,0
28922,37,Male,Master,Single,Tier3,Engineering,Full-time,6,5,0,9,57.104056661331136,60.62409030603485,64.54320502598482,2.2172576287248025,2.282778819021124,8,54.67451958046106,69.679105520667,54.30106439454954,64.54936976920399,195.27814194959967,32.61364276368076,51.29144716651162,0.7773615757100099,25.82021893804309,0.3751048528363855,48.048082797796965,0,56.36758836034558,3,5,98561.80192302124,11.190936133266998,9013.107841932657,5008.596864975444,0.9510617524291244,2,61.00031700664914,85.07221547332321,75.5720867867959,0
69420,23,Female,Bachelor,Married,Tier3,Engineering,Full-time,2,2,2,3,81.7552942281232,78.04561446248275,77.24938287186964,3.10429878771245,4.369913243332965,9,58.61201257518137,80.43719326726159,63.460366408574274,75.31640721813963,154.45372846458451,27.104258643651185,56.26399729648338,0.7090918278471263,24.578220215720027,0.3876373094770519,44.79783303375134,1,79.66811308082741,5,3,104695.26169177303,6.338727007365726,9333.70535575797,5928.661735654949,1.0,1,81.70590786485731,90.31979388705837,80.79353678450234,1
70812,40,Male,Master,Single,Tier1,Operations,Contract,2,2,0,15,54.24240447575317,51.91070818341216,55.85675077078035,3.670516393213523,2.4714133148480566,3,45.66993905094734,54.165368474325206,36.688726936316826,68.43269419661485,197.5194912396637,15.188886571141197,29.5165331432613,0.6402044575543293,15.336169774127294,0.2048334310196891,54.352075020816045,1,66.28239614959749,1,4,96932.0454064219,7.716681193289927,10063.971570949998,5325.053313265402,0.8400074239747967,2,84.06552739786474,85.07541291190577,42.37582940042411,0
34364,55,Male,Bachelor,Married,Tier1,Operations,Full-time,6,4,1,3,65.24910224343199,73.34673052812094,72.73881833227247,3.6336746338369537,3.9226036041027608,5,65.49377493762685,55.52551464328742,62.09914882594735,45.58723574250454,186.5650857547153,11.082596628972416,38.65000030447431,0.8163405600948311,34.14512318237495,0.5818572550356726,49.16248896915385,5,51.62080663081783,3,7,88168.53454600077,7.511641528628952,8571.00372697485,5990.316244585751,0.9294619508152604,2,78.33575487274103,54.41374882939928,40.37146126462676,0
43204,55,Male,Bachelor,Single,Tier2,Operations,Full-time,9,7,0,5,89.3193383587261,76.79358542984896,69.10739717507059,3.67588466226856,3.928725352601836,4,96.6247311999943,53.33095036407933,72.58818207617716,54.73849151540892,204.0015447208505,20.135418253387392,32.26467357687327,0.8352025710499769,28.134551475640933,0.2672341110523052,54.810964455917336,5,62.6023565838652,0,3,112845.22511552428,6.046653453303472,14230.13639104824,6964.723974093082,0.9690726731275202,0,75.01273021580015,61.87149603068077,61.890815502953856,1
36795,41,Female,Bachelor,Married,Tier1,Finance,Full-time,7,1,7,12,56.23960336695676,56.87187826281463,60.6803758551293,2.8205575986207108,2.685136771578724,12,53.466071046456086,77.11025066863068,41.44883913968447,68.56926179648033,446.24704589105727,15.763143440992746,28.612064535838915,0.6578905894327854,29.41070766195796,0.3712869282587078,112.86841453553842,1,70.65297299665507,1,3,544974.0953749733,4.839479923762067,8133.409685077624,4658.037821193208,0.9665193552780584,1,85.2780410407946,78.25561130413175,45.9213599921592,0
97027,29,Female,Master,Single,Tier2,Finance,Contract,7,6,7,5,56.67102737077032,48.596819749095765,56.54319462262982,2.744596513245596,1.6592775988690436,4,44.93972601101254,44.337090720886565,33.385092422728086,39.339245297723934,143.34742982509897,8.75817662387093,37.810041189921485,0.7843696100092683,18.34303476140726,0.5108190635413792,43.53301505789255,1,45.24439531324052,1,3,108575.74344286804,6.521875038673871,9029.574718386446,4550.959708236358,0.8953450988923541,0,73.80749912925893,84.05086434949155,68.16229925029904,0
63343,54,Male,Bachelor,Married,Tier2,Marketing,Full-time,6,1,1,9,60.78703211997537,56.80273272776621,54.13127025932594,2.313607103075583,2.984015030316926,8,63.07116313591845,62.72682826344902,47.22876888914304,46.172075974513575,148.4616293204308,25.6895656918286,45.25932550549678,0.8938259595555234,32.22330536446835,0.1082297415032485,28.009682950185145,0,59.03368978552209,3,3,79835.2859919967,8.97237733694305,7803.896587395378,3699.408628711747,0.8776093419878533,2,55.17701973868402,95.04527865742614,61.22609186964446,0
36956,57,Female,Bachelor,Married,Tier1,HR,Contract,3,1,0,16,61.3300673448162,55.93042745513231,52.01633487685072,2.186733809390012,2.772882349937442,5,66.26846363674991,80.91604098593041,68.67268065485847,50.29483308303118,181.38826537851352,28.63188206294912,27.719023638813614,0.7635316862714487,26.24150680130904,0.4464760136156864,56.740742935912216,3,94.82146806690044,3,2,88904.658708148,7.285617258852112,10004.785990914355,6327.461995035116,0.995854852836571,1,96.22796050891142,100.0,26.118404303167928,0
69229,32,Female,Bachelor,Married,Tier3,Engineering,Full-time,7,3,4,14,100.0,95.43629853849,89.78915985914855,4.586272638248465,4.040901981367501,4,97.13748554314036,56.23846464034485,71.66306392803082,48.655737119276296,193.7386014236048,18.59010876504216,30.42461212881486,0.7476943646599953,13.642916043960964,0.375430727313774,48.79259976596779,1,53.36933599061638,4,4,116901.41787255026,7.223415582266869,15541.820673036986,7425.989795339738,0.9254746169695094,1,61.15612782221277,79.92269074884199,48.62393261259161,1
9424,35,Female,Bachelor,Married,Tier3,Marketing,Full-time,6,2,6,17,79.66816845691166,70.53023848354904,67.7866858626407,4.34078508503957,4.134504757551901,6,79.8117173287394,91.625016232873,65.70817264471181,65.86909361872577,143.85940889425314,17.097137848954038,36.59826996368601,0.9326030127000624,11.71776507063566,0.157706978711089,61.41484740630518,2,75.40016917778058,1,2,102078.50642602595,11.625672150415356,10402.266070615777,5451.218347417767,0.9567437507536825,2,53.57081171387917,72.45530796660474,58.011603602278655,0
86001,31,Male,Bachelor,Single,Tier1,Sales,Full-time,4,3,4,12,40.0,42.523177729403,47.89864710821685,2.062195771813617,1.90142858695942,3,30.0,85.50210451795147,57.83013411498966,58.63598567408667,175.6166723204841,10.03081514749735,32.68582186145588,0.8128732100474438,37.78986797082244,0.2242775201553615,51.75543246474852,1,72.38661632184427,1,3,116665.72043990064,6.814985619568693,8626.706814656414,5997.980591743624,0.9504474944827712,3,77.51291382651769,71.76474016896917,64.70135111078991,0
16959,47,Male,Master,Single,Tier1,Support,Full-time,3,3,2,6,100.0,99.55343935346346,78.73474025357577,5.0,4.38346291262141,3,98.3878177124708,50.99655039639005,68.89166219560437,70.12973804586935,147.3038033341329,21.376652281232506,24.93679450391365,0.8898664265599583,27.193265152619286,0.3341791231328691,64.72966530815373,3,57.62864785908532,4,2,84310.88763631921,7.207157789292635,17865.395791670322,6949.838407578031,0.8452292894811902,1,58.35717249073622,69.6002071404577,55.5176618355063,0
21615,33,Female,Bachelor,Married,Tier2,Support,Full-time,12,10,0,4,88.8086734033499,85.2788302641634,78.03799025290968,3.5797611966737883,4.188128215261898,5,85.21651844054769,70.90529865515899,70.87037653660809,66.9555218234809,158.93712977772938,8.990202911776048,37.923219475477374,0.8682118276650672,32.62193649607063,0.0749814450227817,35.584638426842226,2,67.42114820137614,1,6,98547.85388707784,6.653866991028245,13876.580218895582,5428.768329630111,1.0,2,84.27805088204991,96.48633049315384,14.855415254115355,0
61462,43,Male,Bachelor,Single,Tier1,Operations,Contract,3,2,1,11,48.02052599825688,53.5035293873924,50.257773866571966,2.349775696815452,1.897257524069708,2,30.0,74.93469642942537,47.919623321657554,74.68997459677101,151.00664045287138,16.429838000841574,11.10178634731282,0.8178980675552202,17.147144372537767,0.4516674318653397,55.30474699163789,3,82.63933744865936,3,1,93387.48402202169,5.832686478582673,6640.248278724887,3811.81374321748,0.9284873389044104,0,78.66205996543154,88.39783940058305,34.952495497122,0
61774,57,Male,Bachelor,Single,Tier3,Operations,Full-time,2,1,0,9,85.20147739052737,90.55199869644218,97.344448321047,4.144287905624306,4.563517317580564,2,81.0623124566772,79.8936908689577,54.86594023728979,48.8654013762633,140.98463552456758,7.258166962771799,13.72854227426586,0.8245724479744652,20.543542058026052,0.2304079103665121,44.15852887999034,2,73.6722882843494,1,3,61130.81024394188,2.918853085447579,12427.887793854512,5895.92346489959,0.9472122544427692,2,76.3853863115925,72.83079217842868,100.0,0
86802,59,Male,Bachelor,Single,Tier3,Marketing,Full-time,10,8,6,7,65.9996858286169,53.545297297021776,56.628516383967806,3.063262214434934,3.6941643881967856,5,84.17378926272504,68.89006439786,65.83108162948443,55.67331970793529,178.73679533194633,15.228914713012308,38.83053090887702,0.7274424993059643,22.324008335507145,0.5252242668324263,38.78584984554346,1,72.63205031565106,2,3,83978.53982484585,7.728236852307815,9332.692830523189,5067.075093333875,0.958593413251163,1,46.79121210416481,43.8386215984175,24.521958164175345,0
67503,50,Female,Master,Married,Tier1,Sales,Contract,3,0,1,3,66.04058298918602,72.31647218744196,68.54851441794833,3.799861435135141,2.5987024831842933,8,63.04477987965163,72.74648820688542,40.59537392945966,50.540586509598064,143.77593233938575,19.498098473953466,46.02075646688464,0.8534706979117107,34.14481714617848,0.1434275326863152,34.88420562276378,5,65.98137483262143,2,1,118394.10824978891,7.687683125760224,11050.573458469164,4908.924459287692,0.9061449777415618,1,72.70294767705846,64.68128697773162,56.36056615332588,0
79371,53,Female,Master,Married,Tier2,Sales,Contract,5,3,5,15,81.92262911871757,69.3740756623822,65.54226683659641,4.334292725768618,3.3165922703832407,6,98.59221266848223,53.42782166550422,67.66979626142569,64.53045689623261,161.9605653960174,21.018042601221246,26.428136952312524,0.8001222134945847,17.4666570156213,0.024234083714817,49.22688263116606,0,65.4192805292121,1,4,117641.91445198984,8.621224260376549,10545.89254910278,6825.696217854363,0.8495908613592713,1,54.32945621387072,80.25588256742375,84.2209799771457,0
34497,55,Male,Bachelor,Married,Tier1,Support,Full-time,2,2,1,13,57.41910737050125,53.51511405558426,52.60430114922103,2.496842382816353,3.011566344972839,3,53.564887280242345,82.74491036663098,61.31151111975812,70.48494262330073,179.25359851593103,19.01045401458346,24.739748934419804,0.7358563440867262,12.173834873903711,0.2445837483187592,58.65404595145424,4,84.40626930464154,2,3,86255.99008405319,10.303016668146984,7282.320889308427,6034.279324667195,0.9761202754484534,1,56.9934923596352,56.05414800558416,32.895836884236736,0
43009,39,Male,Bachelor,Single,Tier2,Operations,Full-time,4,0,2,13,64.75845751365468,65.21407675190375,66.09563993541084,2.6241815986054844,3.3048414145698857,4,44.52822842726757,39.10570533295503,62.63143826327747,77.99130784498362,161.94593317808477,16.924786315932835,21.626196486872203,0.8317483598406507,18.67812070868967,0.3130672317731792,40.37543476656423,2,65.92601270046565,3,3,95411.84840082956,6.9278639877958,12557.38621341966,7359.972847918221,0.972168366016846,1,60.946952811116965,69.0159840767671,33.31896335698704,0
91598,47,Female,Bachelor,Married,Tier3,HR,Full-time,7,5,2,14,61.58860492423671,62.82843587890088,65.36853800804037,2.673038046105124,4.91472957590698,4,59.53916091974872,73.99814270103218,55.978645941453394,65.75138231439844,184.8532617594408,17.673471843910843,33.2629735248867,0.8115407501719291,19.780678487077424,0.1213623693653676,26.31900114623947,3,74.09546151128481,3,2,75182.70615689349,10.231228350268124,8885.920657579412,5316.16529602254,0.9849066338258368,1,48.97012252808774,89.28345023301995,46.814727320095166,0
75439,38,Female,Bachelor,Married,Tier3,Sales,Full-time,13,11,7,15,75.04700675309114,78.07715829261896,66.57825631793258,4.117962444090876,4.034781529989957,7,75.90566691827053,40.07374727656168,36.83112379985028,40.67669370120293,184.07578007648888,12.74746896836016,40.23858608469281,0.9141731215615242,20.841802383717525,0.3041433422999411,28.06897485817276,1,43.545133349267935,2,5,114073.25764376284,5.96296307216169,8133.646531233851,3980.0774773389694,0.907934888320526,1,56.0195876845598,66.94369789016976,46.52321465298649,0
29720,26,Female,Bachelor,Single,Tier1,Support,Contract,3,2,3,10,96.60304934134324,83.32223281516698,82.2043784344045,4.439536879964932,5.0,1,92.11140904256904,36.90361687389478,76.39835087591503,37.24250007134096,185.5054820113349,10.033269265622176,7.814604858465772,0.8781032395275994,21.652236377583588,0.2635460972775477,46.91396630541283,2,52.66291033999397,1,1,110570.37284097634,7.687208050523706,14796.3556721243,6598.41855814852,0.9360978761197106,3,56.29968381375359,100.0,33.0842349047795,1
38607,57,Female,Bachelor,Single,Tier2,Engineering,Contract,5,5,3,15,70.60383586269099,73.3444862713276,61.49446098678157,2.252578912504119,3.020949811163188,7,83.00689587922339,66.29468180803246,53.99603250394273,67.39021875622426,142.99183451274897,26.055377488690837,47.53810351765425,0.8505384885324192,27.315620008733877,0.6889769026991001,27.22223246779466,5,70.91629506808837,2,1,147163.09947394044,4.712982195362338,11644.135682019816,6771.43061189879,0.9837763283896684,2,57.14446944611259,84.39772216026795,56.90664434787607,0
77127,29,Male,Bachelor,Single,Tier3,Sales,Full-time,2,1,0,5,83.04130087692451,82.08994416393756,88.51086550197259,3.727446947633064,4.898908290735173,6,85.94170368100646,46.04071258989265,68.67632426793267,48.619176921397774,161.77925341763395,13.501891674931796,48.82665875934741,0.8200494168014728,26.7568501530166,0.0695337974331826,28.471483099509943,0,50.53627123595727,0,4,87998.83132535164,5.335432642681122,12281.243362456114,7586.75578300126,0.8912872131420377,2,68.72501663821409,64.777204021398,60.210627284070384,0
97088,26,Male,Bachelor,Married,Tier1,Support,Full-time,2,1,1,12,63.89741079401,60.17905376448368,50.33907120176327,1.7608186841427111,3.832409696284925,0,41.6763096818019,41.27095850124381,26.50318183805208,32.59251882998312,169.48726539461185,16.33593754522993,12.366145031899476,0.7373880293752075,15.451496374017594,0.1099982985417553,24.75135224237285,1,39.05153341189968,3,0,61116.03603338976,8.361555763945375,10515.123389072336,2328.055284368077,0.9521603201663312,4,90.32634203266616,44.896003065321295,29.099461705305643,0
24627,57,Male,Bachelor,Single,Tier3,Support,Full-time,2,2,0,17,50.23429337523047,55.74748464786927,69.09444845416918,3.380260123739937,3.5166826767618966,5,57.35986094591058,76.38847797694224,58.90195889902932,56.58476608189398,171.2978666479091,16.167194153483322,40.56326379393994,0.7879672292072029,31.55088065305116,0.2418856946479735,63.65804089405214,4,73.0145897440832,1,4,37273.61530809599,7.899090185655687,7999.670507684787,5876.921229660921,0.978313199874884,3,25.45077043278281,68.43671258245932,21.358569624857463,0
61815,35,Female,Bachelor,Married,Tier2,Engineering,Full-time,5,4,0,11,76.29237303057374,69.55673872674839,67.63775359477101,3.112388994836792,2.962956574056312,6,72.82791276926216,75.82052260982373,64.94159951971301,64.08844569164341,133.19726627425197,29.104504279614392,47.02670893447623,0.915506116978152,34.957648594884155,0.1118622122174765,56.21526688750616,0,71.31258458142044,3,3,121887.9090109578,9.226278850271516,12606.924312409705,7494.405401126976,0.9830603442794918,2,48.16726987950948,99.3816461612617,54.83854301075984,1
69756,35,Male,Bachelor,Married,Tier2,Finance,Full-time,7,6,0,16,77.25533395218194,77.054460516552,57.32556523671833,3.7757763381185625,3.505375989094234,2,84.68944863790267,62.44312639829053,55.65828824695561,32.90861372942117,116.1086041747052,19.71283411430341,26.38645218694862,0.743707389849842,19.34398606043068,0.3452079263764241,49.4016682304872,1,57.88161693446356,3,0,106888.80388881725,5.712714624677706,12185.175471794628,4596.48963274261,0.9347406083326916,2,65.60768723490689,73.07910413890896,6.227550197378058,0
11931,26,Male,Bachelor,Married,Tier3,Engineering,Full-time,5,0,2,15,98.30225785727671,96.74623580843014,83.12672391944294,3.96916441487733,4.959250385052389,10,90.57912129042371,56.92440016138956,77.5492614634597,71.97569817136969,169.99161699884957,34.84217823286869,61.73489073647793,0.7856868278531932,28.1179330789641,0.1712555020613129,39.13957961978568,3,81.82420833269398,1,0,104913.29331203268,5.921831858187176,14667.03281229543,7253.398015782994,0.9813735910959472,0,75.39820002994331,70.64541058210052,53.203432361885554,1
16161,42,Male,Master,Married,Tier2,Operations,Full-time,3,0,3,4,67.56323251304642,67.14059762808652,62.32013634566085,3.0905972392430123,3.650353189901105,3,63.62780008189141,89.3628353061988,55.21573777206088,47.86392004769464,169.71491641557648,13.4150741304455,16.580818338855327,0.8514534900623052,23.662668378475374,0.0807177221467823,57.00264518123156,5,79.06097452881065,4,3,109648.51128736716,10.635517527706302,11134.587564445976,4934.008479239092,0.957037466587496,4,91.857032208415,47.58948316435378,68.98165694993386,0
47440,49,Female,Bachelor,Married,Tier1,Engineering,Full-time,3,1,1,9,75.35361194354198,70.75218932278354,68.44770304775656,3.3865078150925685,4.252718787453423,2,80.39842555365038,49.83717559741509,38.86484936503757,41.76450678623768,189.83990092205923,7.08045777018071,13.527825982158376,0.8009177530039823,41.0710952852006,0.2226315769227989,42.31005342769706,1,53.71934409326472,1,4,117094.5079123999,8.246821285341863,9298.925049891475,4485.407529163127,0.9238040865706896,0,69.66629488348231,53.63849091334974,71.58611711145689,0
34606,43,Male,Bachelor,Single,Tier1,Support,Contract,9,0,1,5,56.58984388826197,59.26167494327629,55.07951635198776,3.176242221800913,3.515985752388832,5,59.61645203558426,82.38769765307285,53.01290071911099,73.39889931253377,190.590952002158,5.580369622874134,33.29520094039561,0.8717642658522949,37.190935676073806,0.5207766733922131,49.68298047577772,5,96.76296571690192,3,3,107146.06944138414,2.493821148909438,10805.066993131044,4990.399097427399,0.9049201586308896,7,72.73234801881831,69.04091120869552,66.6739218833537,0
14107,54,Female,Bachelor,Married,Tier3,Support,Full-time,4,2,3,12,89.03600913931754,66.68588780447507,51.90234956417368,3.70806727903144,3.815673130798195,5,90.6128287411068,100.0,55.82571767828136,43.46171698811776,167.7251033548091,7.798055990474655,34.958572086965404,0.8899950658771894,16.886272859592438,0.1659703252337315,31.79319080663969,0,68.24795085829335,3,8,83153.81090999709,7.085214794080823,14454.923795768882,4594.940706653966,0.8519434090875231,1,76.0630002555711,71.99397507841663,53.09867511067058,0
90651,51,Female,PhD,Single,Tier3,HR,Full-time,8,1,4,17,65.9795031843297,65.83999548167563,70.6207984347881,3.203010279023132,3.4463961588515843,0,68.34440340588247,68.12031956532432,65.27755721115844,36.35824819238192,171.9916300688266,0.3140097060046649,10.198720015590824,0.8815175947106488,24.58323974458181,0.1020411670149268,58.38842542285765,2,66.95740595214404,0,1,85083.82264651246,7.667225980816468,9776.90534280727,6994.880794897043,0.8563882317763277,1,67.46428403018653,61.73074160325989,25.37905903060131,0
98435,32,Male,Bachelor,Married,Tier1,Finance,Full-time,5,1,2,18,58.017185805598615,60.63157912988014,56.56570815906649,2.709046930016185,2.542427820839136,5,52.43290211419951,75.93051817337661,50.214175896595705,53.37253763469024,151.51697856412278,7.438494458367558,38.19598347642092,0.8268821734193487,36.439879008936224,0.1236133620030373,23.94366272784646,1,68.70294865945795,1,7,135963.04665886294,3.588212542481586,6940.281654586131,4524.413938503048,0.9029033964830308,2,81.49273908114216,66.7412841626259,60.48531076981014,0
17503,56,Female,Master,Married,Tier2,HR,Full-time,5,3,5,10,70.42487182212558,69.96779159324062,55.11690770849917,3.743707089536207,3.8201717513777256,3,89.89093583013405,72.11025161891959,48.16074125336179,63.0009605040288,182.2831109566752,16.868233715189245,24.121625857469876,0.8653951842653156,11.802288667152222,0.502891541228496,31.682506434830938,0,64.7930575804386,2,3,94958.04661797151,9.416810612053894,13533.096205726451,3749.679425572761,0.8468599235833937,1,45.52867105435398,68.72431018706821,77.91563774505067,0
63486,38,Male,Bachelor,Single,Tier2,Support,Full-time,9,8,1,8,81.57488507791679,84.63640553984243,74.13882856396876,3.981499425754585,3.815652337421545,1,83.18659683081476,60.846913055633706,74.17356070873744,54.71098791981291,200.6768688718204,5.293150785686421,11.327257172858832,0.8420098685366086,28.7057927686508,0.4071254560196909,34.85511375124988,1,75.5333824648522,1,2,101473.9483394462,12.560554843584235,10994.745597606814,6685.207530390609,0.9463368452780369,4,71.36752653959802,48.29468764848713,22.98435772889261,0
33076,26,Female,Master,Single,Tier3,Support,Contract,7,1,6,7,44.73836775110145,54.01653110814517,46.68610649270042,2.299073999795155,3.043093731680069,5,55.070018818295466,49.83069383693815,32.01692924869281,47.36275856376559,186.253267085224,8.337068361560142,46.78923900047707,0.7940655249805078,17.539753569799796,0.3308130289086814,52.53418813329852,1,67.59890318855444,0,3,78239.4219646483,8.43309839134976,5303.18573480129,4203.686092735177,0.9650036437607132,2,61.28616824243614,98.0897040956892,56.10836328159223,0
79809,45,Female,Bachelor,Married,Tier1,Finance,Full-time,4,3,1,18,59.20138208868521,56.75107258452679,60.59277077238711,1.7744896065973128,2.023372818040677,4,47.065558132586425,96.61146391635393,59.56197851781295,61.806425957858,166.59123943024284,15.997614720335228,20.20444917630029,0.7385487752507998,30.75893260663449,0.5592729022741787,29.447219207991843,1,79.56446439469069,1,4,105645.8871220398,9.889972405749283,8807.611964797567,6188.560314786329,0.8554886492342398,2,65.55275336222851,54.93074648633272,48.02511635875597,0
90791,29,Female,Bachelor,Single,Tier2,Marketing,Full-time,9,9,4,9,51.3425679157575,42.77444812580355,47.01075545993052,2.6104395056640453,2.874845839192617,2,51.764265632025015,75.76361929089504,38.82691316828988,65.74333112112174,195.6107784206466,25.49059539333603,27.47236625084972,0.8701990373586226,12.963077850337164,0.3412396121026436,42.8636540593957,5,75.66826308946531,3,4,107028.48928822206,9.419268175411666,8435.22343783467,3978.9358172319135,0.8636578597516672,1,68.08422543725682,63.59263143906533,43.54507666846594,0
93365,35,Male,Master,Single,Tier2,Marketing,Full-time,5,2,3,19,56.97848327805605,49.702350622348895,52.54677902934155,2.8799658663980297,3.8838916766938736,2,53.3461638535057,50.45039408054017,45.10552184014493,42.94499906869057,153.49389785051346,20.603747409677545,24.553068035551192,0.6780601069605479,25.16142902187703,0.0606285615217951,43.850841346216,0,47.67613281729966,1,3,105084.21389831648,5.680583955977182,10334.551233866365,4081.716322597469,0.8878301810228824,1,57.44678267500803,98.15527066188268,43.44170080561973,0
18293,58,Male,Bachelor,Married,Tier1,Operations,Full-time,4,0,4,13,74.68959088105616,68.11473311559008,63.11681050668759,3.404469658164717,3.424028000724204,1,77.78975281596024,52.21550797090451,46.12349413272955,46.34699688862364,167.09907469252087,15.086042589466423,12.822975546984487,0.8659323272395821,28.3541805583756,0.6231976793229229,56.97153316779561,1,70.0530427350862,3,2,102327.1946605985,6.948272432014287,9982.081763830618,4343.8759749085175,0.9029491092211336,2,82.65682215427525,66.00355775509725,76.58844381179682,0
43850,35,Female,Bachelor,Single,Tier1,Sales,Full-time,3,3,1,17,92.35530425847344,97.71058831337646,79.56280503243343,3.914731752247065,4.173088010482113,6,93.03442821444258,64.68130526020552,79.57440001837817,52.98600243623351,165.29811685871036,35.8167698217496,28.912935911145023,0.8647434645988855,33.9303270420934,0.2434913986732054,44.55712069505637,4,69.12885789126484,1,4,131504.91879816478,10.731559614703322,12764.571319197874,7376.821922633859,0.925247500313526,2,70.35027526489459,45.47121850196678,64.39632295418605,0
35068,28,Female,Bachelor,Single,Tier3,Operations,Full-time,2,0,1,8,69.75993370935966,69.11059164934352,63.98347305036904,2.828476403037025,3.169285125240046,4,59.31843580414618,54.85706591256592,50.39026911289117,51.98065611078762,185.8921342048344,2.7270821696429888,26.20507224711381,0.7678196411258729,35.85551581269088,0.3351480903802872,33.57872963486642,4,67.87265122228968,0,2,70848.51871242539,5.070571817146055,11403.683835988071,5294.8284820561,0.9160372268996724,0,54.66355795302686,67.35191628541293,53.91936277256319,0
61393,44,Male,Bachelor,Single,Tier3,Engineering,Full-time,2,0,1,3,79.48085103160734,73.41062583204754,72.58238851941935,2.91088852639159,3.846348968237287,12,80.39677747706725,38.39742328210457,48.75946957088057,31.84268030370017,152.9957143524981,20.83008904076815,72.69062412344293,0.7555732107752038,7.462618146553698,0.3298780486860594,33.03821370102326,2,56.20209568180565,2,2,116662.10436452203,7.9702336782658,12271.61792946558,5369.248412979863,0.989905459519774,1,100.0,72.05298663886217,96.90843163842156,1
27382,53,Female,Bachelor,Married,Tier3,Finance,Full-time,2,1,2,17,79.52162629111324,69.26801591274521,56.43257517974741,4.122040632251752,3.004834947389171,5,82.56187863061564,100.0,63.171612735002334,73.23943154925396,119.73026917035142,30.021498661738008,31.607086300107937,0.7599561566968638,17.547686460269457,0.5893332158600814,46.59732869524772,2,85.2726651407769,2,1,102796.97941193815,6.710520342882671,11997.858841218283,6303.654703217495,0.959095129806926,4,81.51127644705572,48.114259332674656,65.97697566527901,0
85414,39,Female,Bachelor,Single,Tier1,Support,Full-time,7,3,5,11,100.0,99.50581406056928,100.0,3.992132036064004,5.0,4,92.23722559373996,89.71614746210892,52.59349164165859,46.77631991950808,150.83639651210956,22.57618358249248,25.47146591953496,0.857227211197083,27.08831739659865,0.5636562452745378,46.063256421412135,1,75.10575227961937,5,4,90966.67259227108,9.234144163492886,16352.741715021924,4539.078105581044,0.9476117291020996,3,51.81060511767856,56.97946514294204,31.88500016500567,0
13798,52,Male,Bachelor,Married,Tier2,Marketing,Full-time,5,4,5,7,71.16972030065091,67.23692582910132,56.44569222020202,4.096553031078097,3.886987051088133,1,83.93455051868119,87.75095138272135,63.19667815529749,61.79226582990494,146.1180268648626,13.578023441132483,16.35575007506334,0.8247654103847228,18.70628520927264,0.097583356065939,28.86574035269931,4,72.3171050714526,0,3,101152.90704774555,6.397138590312686,11762.868376662209,6582.589957233274,0.7853782867730541,1,91.61872341990312,80.15135427931733,30.807792019776308,0
1729,30,Male,Bachelor,Single,Tier2,Finance,Full-time,7,7,0,7,95.02463667037864,87.80922125468985,76.35233780395669,5.0,4.805528650900497,3,96.34731653165892,66.93611740371607,45.08870620930605,52.881712029290455,168.98038140387874,8.125795371155508,22.05843440017693,0.7480557814288439,13.772996298015856,0.2300919319996839,47.64572495681973,3,73.79862833772258,2,3,115352.14300578371,9.593721273035046,16043.96085256244,3263.3474515658413,0.8935263455857414,1,95.29942232633304,52.27816230012522,59.50003242125226,0
66101,52,Female,Master,Married,Tier1,Sales,Full-time,2,2,0,9,73.07399456178716,74.49866387679108,67.96598626323754,3.1257352449858566,2.7415322778699998,6,82.98931733111928,22.61319061783668,40.30608531448655,33.52087661984483,182.42718759425276,17.134912214227427,40.46935151037496,0.8514962586133603,37.49276998785169,0.3426031859529018,43.06808758087618,1,37.90674806471933,2,3,107381.97759704982,5.610403698575012,13593.970200779851,5251.585761670711,0.9930467567190084,1,89.76516865745526,70.67953577709062,65.58937813399963,0
7678,57,Female,Bachelor,Married,Tier2,Marketing,Full-time,4,3,2,13,78.91955994189304,73.98935959432734,57.38323325310047,3.9226744191901135,3.774819338207549,5,78.72789815989968,92.57438405422772,64.78464770685147,50.00354140791083,116.44246226135007,20.55071319319595,36.39242332602481,0.8149003110668124,17.516387279533404,0.5900129192858486,65.73108350427229,2,94.30283866520465,2,1,100563.69454347828,6.763466224047392,7822.326475440277,7003.965400338844,0.932159341427017,4,56.53405703057594,80.13102861078885,60.14881474159636,0
73315,28,Female,Bachelor,Married,Tier3,Marketing,Contract,4,4,0,8,63.88107439516728,72.74086249558434,72.57364931422087,2.4591706110425404,2.955068994695372,6,50.26293287814471,71.34474123725323,56.927854427122135,71.34727823013509,167.18107519836408,17.106784816361955,40.466474302589845,0.839892538527601,29.43774746179691,0.3007029114663693,56.92424801878446,3,61.441240991751776,2,5,84910.87147258189,7.474421520139024,8203.898980599835,4746.284009206401,0.8636109040773551,3,88.59951441935894,75.1324759736815,45.70871820932239,0
69696,32,Male,Bachelor,Single,Tier2,Engineering,Full-time,9,3,7,11,80.10465736107518,77.95671506238206,65.46501509304792,3.2875150616488065,3.4533352795911005,12,54.55148148434672,60.34572165979141,83.52320130086937,70.19298932917019,144.9419681051603,35.54539955698555,75.8095957798433,0.9423278024821504,24.01712864889401,0.1791035726913699,45.78152778603956,1,78.49307321146034,6,3,107874.06440994356,10.610392564474036,12222.159549947108,7609.349130029455,0.9305931692366152,2,83.28604403719653,68.84357459473982,67.97322573610889,0
5439,46,Male,Bachelor,Married,Tier2,Operations,Full-time,3,3,1,8,81.09924610685061,78.06774564623443,78.40729310485546,3.627455648912664,3.1759456759201803,6,78.63457654237936,65.32367853291518,55.27474962973638,50.02497586487797,179.57619184256626,16.429027583052385,37.19407166712603,0.639700134865641,22.12216558753148,0.3540188693461807,44.47407182739383,6,71.34650572791665,3,5,87481.97604072516,5.93946459281392,12440.26586461048,6968.640173479077,0.9394269545957276,2,87.75918427899981,75.03673456505594,29.799065696095973,0
73381,35,Female,Bachelor,Single,Tier3,Marketing,Full-time,3,2,3,12,57.1694683425274,63.49270582148733,67.865853428385,2.6971032502131767,4.089389946125408,4,50.785544085522055,97.74407192356048,80.96033909646366,63.59902873867975,200.0124571292049,19.2162819689003,32.06001268904154,0.8175684914013271,25.87816502121102,0.1303718559112933,46.666749083778136,2,100.0,0,4,73967.19115698534,0.3217238832567952,7789.247516797006,8069.470470810305,0.9943094485164732,1,59.8627251090406,84.43818105805359,34.07642543821823,0
34591,29,Male,Bachelor,Single,Tier2,HR,Full-time,2,0,0,7,68.6319720791972,61.42076038156386,65.87552600165081,2.832098724455308,3.721035964474512,2,79.66743621192944,45.84165530761489,31.885791076314685,63.2582898757271,178.60734799057388,15.09193100710428,21.255194031263343,0.6217797904025778,15.234361369014607,0.1991240023169675,51.31836483581161,1,46.325549619250246,3,3,65289.91993175361,3.790361670527436,10803.347831270004,2709.935804467834,0.977869385688654,1,67.85472051629691,77.40735305492325,51.34975756336572,0
8453,51,Female,Bachelor,Single,Tier1,Sales,Full-time,7,4,2,9,69.14941716036826,79.13528348363067,72.06271520716018,4.241956100122192,4.621400865857772,5,65.39936953100593,100.0,71.98779168541444,69.70238683611672,161.12658905138474,15.068278280199465,37.762107720863824,0.7477338357677542,25.94741496661715,0.3048453113910965,54.45890549801359,5,92.4783954032058,3,4,120609.0945838457,11.244024836931652,9287.808228977425,6099.169712469929,0.8455312800234486,1,78.32338435493374,62.1165172783038,88.990574554187,0
6235,29,Male,Bachelor,Single,Tier1,Finance,Full-time,2,2,0,3,43.71077197361117,51.53216688884425,59.691742182634194,2.1146151155464024,2.6809602185547794,5,39.10124084227111,66.45244245152126,59.75876760736813,70.02598782393989,164.3636702250783,24.85355503622885,29.520757680663937,0.7699198839878956,48.57577214079447,0.2382275984967783,50.2413272613596,0,72.05209723737437,2,3,114186.010697712,6.473006629114823,8210.646077743939,5887.714435365208,0.8999404720434104,2,52.37470966187756,72.71900830090723,10.098775008051147,0
56580,28,Male,Bachelor,Single,Tier3,Engineering,Full-time,1,0,1,9,56.16431763664802,52.137302340295136,56.27062283751916,3.097276989348062,3.5805768951637016,6,41.181847881739856,63.79390410118872,62.23782358502109,60.24107234489325,166.23322337793226,5.7698287977300176,31.749742267706143,0.8237495309610852,39.54312378544621,0.60437367788203,44.46217713799784,2,53.038640279625206,3,3,80787.08489570447,8.980207919062824,8456.531420797593,6298.445483320169,0.9583174285524212,1,54.112078034048125,81.51582615615095,50.78572333579355,0
44069,27,Male,Master,Single,Tier2,Sales,Contract,3,1,0,7,74.97157975452423,79.36201535197085,71.24029682349371,4.125951374313211,4.428462872193164,8,71.98831581570724,69.90721071982296,58.33421483665588,56.17568553157542,207.9042519636953,32.9083986457088,52.48395391553592,0.8302585314111942,19.35121479780344,0.1897756298789205,51.09185989927279,2,69.94427400719837,3,4,87688.91806864046,7.550369630298337,12364.378178478371,4604.3424474251005,0.9415220176160696,2,73.82840760351061,59.76556602965927,47.21589114916996,0
73662,35,Female,Bachelor,Married,Tier3,Finance,Full-time,7,6,4,12,45.98718833539996,45.651681428159534,48.52414892221568,3.085202256786368,2.649712999383921,2,33.943880764294526,97.02502295682692,63.29341338853821,63.53642361327445,146.4251301056135,12.93560618338432,13.15410619182763,0.9248310938553717,23.49100376271821,0.0955933983671872,50.90008555884214,0,72.38671121659,1,3,93174.48976858486,2.528603715097001,10693.274081813875,6738.923381698726,0.830175362447619,5,57.54749475521732,37.17112855931373,50.40397448442225,0
18242,28,Female,Bachelor,Single,Tier1,Sales,Contract,3,0,2,9,82.79957888260252,78.26880312381333,71.59608828318858,4.746510500882989,3.922756499624017,9,78.64382008210184,67.13232734611528,67.34434371078824,62.849518034219685,177.95428306485573,35.644528395105574,52.62260243446275,0.7493946643488585,28.7294643862648,0.1509923843042818,22.80841986031595,1,74.664674099695,2,4,123633.60306678206,6.882379202089927,10593.023798723116,7320.449615658152,0.981943155043799,3,68.25983245034719,91.94124128112504,32.92924554482968,0
72560,41,Male,PhD,Single,Tier2,Finance,Full-time,9,2,8,12,78.60839056007474,73.24540291005462,60.742876429029394,3.715106822839173,3.740820839949841,3,100.0,66.32463872918419,75.37648078710292,62.75482928539625,183.60304179237045,24.749352800513183,27.793105202784837,0.8885555147756046,27.51621548610414,0.1028846292537068,58.41779283134274,3,72.29296665982605,1,3,83623.95298816152,6.350933408521505,8964.340723314823,8651.400064613152,0.8556109529187105,5,55.05648423175698,56.81788756284151,39.97907016404483,0
11373,34,Male,Bachelor,Single,Tier1,Engineering,Full-time,4,4,1,9,46.4433307215282,45.16466960671247,47.16068441477093,1.5452003267257777,2.495570941521346,11,51.43730272668696,72.6235711595743,44.53747541682295,49.09491390292192,214.4175982331045,21.028897718447144,57.39726226542092,0.7816778651916699,30.260050284212188,0.6118265359983363,53.66774128312203,2,70.23301325327319,2,6,107974.91006508224,4.019720000473456,7741.456714822869,4659.362617317494,0.9337078940816148,2,45.031437343898645,58.034065173788775,3.14381702217554,0
53068,28,Male,Bachelor,Single,Tier1,Finance,Full-time,9,7,1,15,78.56339300729877,77.57328618389329,60.85876355642732,3.556761462833593,4.098737281754037,9,81.93383770274322,91.16318748039242,58.83442963814315,83.55559750852375,202.6582949567111,26.54630054515545,58.22790115234194,0.8084347682085745,28.622251153505918,0.0228150541869472,35.62584540235133,0,93.5860361246618,1,4,102440.8000449491,6.084601571379265,10902.400609332431,5298.742865806702,1.0,0,69.20759077675508,69.32713125101556,43.89166332350455,0
54397,43,Male,Master,Married,Tier2,Finance,Full-time,3,0,1,10,83.32495896569665,83.19029178617114,66.01948703964585,3.449305851044687,3.842078865936005,4,65.2740993350747,68.39081030765477,64.28821905833323,67.104448688101,137.55719988320723,13.014860583143864,28.00794172153215,1.0,26.02424929030669,0.3847730858117766,40.7326260710069,3,74.89596160146489,1,6,118872.85557780214,8.478240077541011,9499.863949573944,5993.888798614924,0.918417753739318,1,64.9475752038859,70.02166925594074,61.45644545525689,0
60744,53,Male,Bachelor,Married,Tier2,Marketing,Full-time,3,2,0,19,70.44634569280214,69.0430298576216,77.50944299220616,3.4066621307758167,4.231514140669576,3,50.18085261192057,80.71965349367389,71.13619771675084,65.42940631723363,176.9461500086034,9.557373953144822,19.7568967918043,0.8727648449334308,39.33507229229956,0.3682536359957492,47.80339722611416,3,84.96755534053909,2,3,82310.80591578608,6.259551177318252,11843.913172728287,5761.219972732874,0.8740037947415311,0,70.6314724192717,74.89840993198207,62.843672674481205,0
4233,40,Male,Bachelor,Single,Tier2,Engineering,Full-time,5,4,0,9,74.082127425871,69.99700790268669,68.31405463908386,3.2835239945720307,2.984931506852222,10,76.15478874487313,67.44628218425065,52.170651122351074,52.68400114178933,148.159172252468,15.106796138950653,53.78440461578367,0.7575534524985577,21.572844401916527,0.268745526215554,43.12373258197909,2,59.28290246184344,3,4,112961.573451623,7.878677754641772,12288.120748562758,5417.814955884284,0.9611385572690662,3,65.56981826642799,88.76808581989607,37.29978068729007,1
66150,30,Female,Master,Single,Tier1,Support,Full-time,5,0,0,15,88.22181761695003,82.81783745520329,84.92050136713141,3.976421450843108,4.192919654852381,7,74.12189598748404,78.29622522053981,50.44048259912163,58.57627999955581,155.94454509779283,24.24447905616633,39.53025291192937,0.731254251151323,37.41912903237511,0.4540757187254192,43.52298374800165,1,68.22481769982572,2,1,98543.5544593553,9.325979470638348,14159.685674474753,5306.148618474222,0.9499530995270716,1,96.0303454400346,56.19492673148941,57.86387147559941,0
227,45,Male,Bachelor,Single,Tier3,Marketing,Contract,8,2,8,15,98.16199535185706,87.81638900074327,78.1236095157782,5.0,5.0,5,100.0,75.02077457876453,65.34690567948526,45.50845275771898,150.60082277055818,6.448635621178221,30.669993626895867,0.7105387198071297,30.72999515095084,0.5190118258146525,55.500317885920914,2,60.4324737414082,4,2,65508.15162466366,6.514159702348414,13566.202073655402,6912.921998162412,0.9340317122948416,2,71.44827277884987,78.76990388258976,68.9894908740707,1
38051,36,Male,Bachelor,Single,Tier1,Engineering,Full-time,4,4,4,15,100.0,90.06957760069643,80.69012990628781,5.0,4.226505631554208,10,100.0,71.05115914074888,47.40110253917564,79.31617093178164,208.93934837877592,18.712135256660613,68.62187398159688,0.6734059801835816,19.503713823413957,0.5875285022905739,21.060821824786636,2,70.5102481342038,0,3,126054.81230444656,9.034918074932428,14691.889739355996,3839.143479314582,0.863342734143276,3,76.19939811368936,81.70920281941002,21.88268669182738,1
75831,53,Female,Bachelor,Married,Tier2,Sales,Full-time,11,10,7,10,86.14740571975098,76.90453267930783,81.51962090358997,5.0,4.426413585044261,6,95.48574251898066,20.0,65.9156801851401,47.54109712193929,149.3508307135918,21.321672988620044,48.205836639835816,0.8884492569724661,31.967065623009653,0.4638590167982468,40.721682899317685,6,52.11357365904145,1,6,101941.01421633096,4.179255694668907,13456.294283341154,5571.358946205782,1.0,3,73.80814538113412,56.07035085999891,32.25515156152564,0
11713,58,Female,Bachelor,Single,Tier1,Engineering,Contract,0,0,0,11,50.44595070686163,53.30275789831505,60.24140546024898,2.580339354858109,3.023579909504464,12,61.72946404555556,73.47282572890516,49.74670677108263,53.357644438196296,215.8009869117089,13.747316471810004,75.26380360992451,0.7283453345479096,26.866994992166504,0.3679399336307062,54.32405736779934,4,75.17381637754008,3,7,113453.53539375532,6.153280496966605,7975.449208119192,4844.839514354981,0.9430759065557685,0,90.94002627199332,66.02490079644461,40.78920490742346,0
89799,40,Female,Bachelor,Married,Tier1,Marketing,Full-time,3,3,0,13,78.38088153570698,70.69857389525825,67.5337563729603,4.458081729594161,4.308256971649404,9,69.36874848906714,84.15086911776139,52.453882109837394,38.9104388761328,207.1867759932782,35.1241486370641,54.83031817958141,0.908117965487974,13.157687686234915,0.1288328213972117,27.452637190501637,1,61.22584596901908,1,7,90110.80640362504,8.830714450256096,13012.961217265274,5357.316149283601,0.919242494452834,3,59.55923063757196,88.28592566930081,70.39748749175567,0
84722,39,Female,Master,Married,Tier1,Support,Full-time,4,0,3,6,70.21184129755885,62.21822905122735,55.043622889566606,3.229185874600202,3.0683448301061427,4,76.53624952781976,56.39845949923153,59.44099436810976,45.13788499763996,190.0601156862835,18.747850057951005,32.52142581577816,0.8541277431212672,25.65199455983854,0.4964438305475266,23.640449359236875,0,58.12089251232274,1,4,68495.96634526711,5.260342561711432,8280.919416165296,4610.660546951043,0.8667445194761166,1,81.77902223553723,69.91967673068612,67.41545758182025,0
11651,39,Male,Bachelor,Married,Tier1,Finance,Full-time,5,5,2,3,64.74987312461965,55.82310106168807,54.04789995873976,2.6264415575414857,3.3003792295254595,2,63.42611752695561,49.76027717310868,49.73231923224351,47.14717744891514,186.32241740201303,15.33403791209561,29.61347419685446,0.9426082995917374,30.69805132049,0.3491665284364168,50.884877689621526,2,55.15431258905669,2,1,107718.1953675835,5.783523976361126,9397.893417580224,4963.079601116955,0.9048119953035704,1,56.64093183481677,84.9227129708535,54.010823479715526,0
63793,26,Male,Bachelor,Married,Tier1,Finance,Full-time,3,0,2,5,58.628256798280326,48.10178538139348,58.981155468807614,2.2004310038082986,2.470868392400397,4,49.33018395816118,62.4042724956166,59.444924411692014,72.22472055726371,182.72874174886783,8.748305839469133,32.15283360234345,0.9007803367547907,29.40685269936282,0.1280557596804778,28.870842846943116,3,76.41634100416468,3,5,109601.682411602,7.736890224823453,11732.349583043306,4528.162814658479,0.9434510036435468,1,72.50655601013673,59.78411568523205,52.74579178648918,0
18332,27,Female,Bachelor,Married,Tier2,Sales,Full-time,10,2,0,19,59.32438657344772,64.15644470795525,59.51609268342772,3.990447345787021,3.5181733362920773,3,60.51850614279013,49.4391590674641,46.747587795733935,44.12981239655798,165.4322646165789,0.0,23.46027566929416,0.8431920306648283,43.83824520083435,0.3777936159407695,47.80570604479559,0,60.238265491149285,2,2,102720.19386539064,6.387092127551304,9544.190679177913,4759.248244856728,0.90695195396649,1,96.610685848187,53.42678170880339,27.57898015117549,0
59465,52,Male,Bachelor,Single,Tier1,Engineering,Full-time,11,5,11,11,90.55103003681602,87.48989583709181,72.09618600025362,4.749952983560928,4.181993045230419,7,91.16626167536889,81.27022027309091,76.7417305692447,62.31611311830213,182.51448678858688,21.723710193746065,43.469017539373496,0.8828200568452922,27.64693668282277,0.1756796672020008,33.94366476734956,3,81.04746597051746,3,3,115610.82768999095,6.450273372777679,13637.332594609568,6853.57991913568,0.9801841683024982,1,95.55942940937588,85.20755757173778,20.855791243353156,1
31839,52,Male,Master,Married,Tier3,Marketing,Full-time,4,4,0,7,73.1616011516401,70.56541802270635,60.26536419635151,4.562499232034337,5.0,3,80.53376419656234,30.31343094555734,42.274706973768296,20.0,177.41957649005118,9.125661247002864,29.504728111620132,0.7726128835775368,26.898309307145468,0.391886514729377,30.41593744471964,2,44.69406291144659,4,3,88189.95304810301,3.791888619238372,9221.993212138048,4478.928564101428,0.9118882341465848,5,94.87189161375484,72.3379638198113,43.93062599179432,0
35888,54,Female,Bachelor,Married,Tier1,Sales,Full-time,9,9,3,19,52.036333255132966,61.857473176519306,55.77873823716725,2.481485831611161,3.577794752271921,4,66.24787652340548,73.75996910030402,38.47875970071478,51.715112223523285,174.8702087250742,19.1185920730767,30.46750078737845,0.7617754490410684,23.994662660336168,0.17610326825262,37.95484064222384,4,59.59036865936725,3,1,121517.53151976176,5.582215314912898,10441.654937190948,4897.879708758361,0.9328815718288542,2,53.50442154222347,81.2085857149932,19.680812573181434,0
70558,57,Female,Bachelor,Married,Tier1,Operations,Contract,7,0,1,10,66.9945327615607,72.28017810611155,62.841577286266045,3.9759284393081575,3.630306666737327,6,64.87057028448203,55.40571929723568,69.12323512413923,55.01433820523157,208.01507694753408,10.350711057800464,39.39794898827779,0.9840570244034896,28.25223823759009,0.150973927491326,50.91273199612168,2,75.721520032082,1,3,103351.372598551,6.331850406170034,10130.401585383604,5942.602276331019,0.9267442467362588,2,71.28030919084324,76.7129021090434,43.00325060917221,0
68842,23,Female,Master,Single,Tier2,Finance,Full-time,4,0,2,10,69.90518992493998,72.88133521712872,63.554273554599945,3.8533921605554617,3.4866989384697384,4,71.54206729468673,20.0,58.02281987214738,40.382099338790766,159.431009155084,21.94679852614975,25.27070430704747,0.801699516028327,13.21592751893836,0.4712366543673449,30.21056292786578,2,40.69672167184994,1,6,88325.77352383122,5.665230615800168,8630.51607024985,4699.857851451608,0.9168382681907415,1,70.49206950569128,66.55167398645668,39.2112807039761,0
44300,45,Male,Bachelor,Single,Tier3,HR,Contract,2,2,0,6,57.51937067996622,58.80137251195068,65.49039727752243,3.022663261223777,2.383413927476737,5,64.5674529050822,44.69687281896185,41.46275192799163,39.46603624176606,159.5582271236566,15.782648969713948,45.414895985709975,0.8778575073127589,29.904576393652665,0.1134578718903961,50.52103908710191,1,52.998563525602464,1,3,77820.92573585508,8.08671568450638,8859.985634765668,3372.7664766215166,0.895887659721133,1,69.63442546086777,69.41638281248244,52.74544874678344,0
39432,26,Male,Master,Married,Tier1,Support,Full-time,2,2,0,18,83.6484019708173,74.15717548104017,60.87735005678639,4.48325545725316,4.439374887126941,5,81.77182508177056,54.44093660275911,60.418941384426034,44.008147865584526,186.41194556049905,17.86868295066848,35.99469787181468,0.6052123850348272,24.5067366021542,0.6439972632456181,45.05285450774446,6,56.06681265673623,3,2,88924.20478950665,5.802832870689826,10335.945391710646,5573.7149435730535,0.8805314902163242,1,80.27047551668205,98.74065942862836,23.248210227142387,0
71758,33,Female,Master,Single,Tier2,Operations,Contract,8,1,3,12,62.9272722481932,57.5657835362945,56.04788958857184,3.328056708329054,2.5670354400268964,7,41.8596680039288,78.72543916941285,34.06071553559326,49.32853982619184,176.59976626310447,15.876705217969686,31.777381642360037,0.7790349518504868,28.300285422844667,0.1211293274089902,50.2551133127173,1,55.33718091552618,4,2,95802.24199783114,6.196377786273387,7740.374278643963,3692.5029309094766,1.0,4,76.80423581104678,47.97431057051061,77.04784955574601,0
51267,36,Male,Bachelor,Single,Tier2,Sales,Full-time,4,4,3,12,82.84448039623855,80.04757110049505,71.37303531026181,3.779827348229309,3.20480821689514,9,72.12047274730587,20.0,59.83504895032336,46.55538164281063,163.16523308569708,34.154383263130704,56.05325610006293,0.7916719906372764,15.713660114737648,0.2108130215991629,43.19309987650643,0,52.20711193040427,2,3,105254.4494699166,5.898952272731169,13460.198344479915,5440.179141857125,1.0,1,78.85742426281006,76.05095208705718,19.817135673290156,0
49809,31,Male,Bachelor,Married,Tier3,Operations,Full-time,4,4,2,12,75.2481488895944,77.70526330151023,53.51694683818544,3.190018858472542,3.544964084502398,4,78.13728227882447,71.72783330145442,63.55935931177847,52.11301605580984,211.62059973444303,16.465367929326398,24.16945785596756,0.9457944650412832,31.352533271168216,0.408896058839675,27.1537658578838,2,66.04388059151029,3,3,74674.6503088924,5.632194450718467,10883.058589657176,5964.6359001966985,0.972074999715082,1,84.34392249343273,64.31955978557389,43.11277069468381,0
86689,55,Female,Bachelor,Married,Tier1,Support,Full-time,5,1,1,13,79.20800217674423,81.72609724027596,81.38831397653874,3.2619720025121675,3.348363564814776,2,76.57444385599113,56.95484683744756,78.31474052509685,60.43642183138225,153.17157737850624,27.61299661329334,21.16852345945281,0.7670278778417446,32.85128318235461,0.0602496714024207,42.57042818286634,4,70.03288678535866,2,3,81355.44191443454,3.116523931512414,12974.318254802249,6782.43074101195,1.0,2,45.369278454182094,68.27134608796216,51.14892818403147,0
61005,46,Male,Bachelor,Single,Tier1,Sales,Full-time,2,2,2,8,66.09108950437842,63.57925940162875,61.4210827370056,2.9293031989113096,3.285607099167053,4,59.48203170710533,99.7323968423499,56.26080012556882,65.87200616708321,145.9302100283706,11.408865839199182,35.95158842699054,0.7282455478357286,25.68275773132781,0.3027029287092525,55.44050161101811,2,85.43432212622402,1,2,112623.39813310544,4.996143501574267,6788.923269908413,5509.458683392117,0.8940681317154644,1,71.44263817578381,59.360567429273885,49.83891976944061,0
60771,43,Female,Bachelor,Single,Tier1,Operations,Contract,6,2,3,8,69.21755131785417,67.8044971971734,63.820496063614975,3.2901506478975646,2.5536926871015133,5,57.141424549337536,61.27433316524842,44.55829341178113,55.32724747445981,176.42059332670397,7.762052966915402,26.42903436213829,0.8709387374008831,30.279789466151712,0.2304874868467082,27.23039765655284,7,66.0014204121088,3,1,106425.57171065966,3.2239027008658194,10193.73869623865,2150.337335957619,0.9368135724565796,3,86.97872427885878,61.86786717875327,95.54842770721268,0
88,28,Male,Master,Married,Tier3,Finance,Full-time,2,1,2,18,60.58044570696705,59.027602655840745,67.51589006680504,2.5502624323464973,2.578637740045634,2,55.13494880019957,57.6467070226476,47.72692541383093,63.33678257386546,196.8212014485537,14.60279457720298,26.13592491994477,0.6129730803686751,18.145643696102468,0.3259390334791525,34.75196209131319,2,61.82255121670295,2,3,56704.61135470351,7.367184193711201,8991.988738827304,4825.231713123631,0.9378283344923668,2,87.98143651055535,59.89025715062351,42.162212631407584,0
77204,56,Female,Bachelor,Single,Tier1,Engineering,Full-time,3,1,0,8,67.95740825587251,78.50397160116903,63.098762654181165,3.700977880596572,3.125188526242965,7,78.95306659844441,40.06197403079098,55.6378602535566,33.73990846716602,149.15363729328,20.21261301989145,45.88738324634575,0.9272581214987042,18.0426617169032,0.2428552989194443,22.57316762674182,4,66.64414474428816,3,4,129481.89609657768,2.7353074581338186,9730.23345161727,5043.968387047944,0.8143040822248262,3,98.65933674905212,38.24606612584494,64.2288805079964,0
51988,32,Female,Master,Married,Tier2,HR,Full-time,5,0,3,13,71.27453749250012,63.871630328689534,63.6023593133561,3.053398224119107,3.213322782944364,5,75.88756321138666,58.33895016293541,42.95474424718612,33.6502005300599,171.86020310466262,18.510133066870964,29.612730588909653,0.8620907935079803,22.58235795202057,0.5072523556721666,69.78824901596602,4,66.87656744743506,3,3,84070.72928162625,5.569626745971258,12004.403282145067,3995.487340624847,0.9109124630964422,2,72.81173447315162,60.81436492658857,53.91522110257623,0
82150,53,Male,Master,Single,Tier1,Finance,Full-time,4,3,4,4,70.13043204356491,65.41363897792465,72.541887582242,3.9981310725657697,3.576946269110991,6,100.0,50.4768242808942,52.49739147514425,37.6211594923494,168.36138438974402,0.0,44.92893987713643,0.8501663079203745,35.61407706042092,0.2532483521851125,55.63930087373436,0,53.84248817204168,0,4,126687.37307263805,10.02976051578916,8809.196223025609,4168.095875469056,0.9861415873401248,2,81.10096342629,64.08193568290658,85.38746974057182,0
43734,58,Male,Bachelor,Single,Tier3,Sales,Full-time,10,5,9,16,97.5115175113385,86.23487443368296,73.52656700195857,4.87420769345796,3.908979134259168,4,100.0,72.43319837621728,69.01726635905102,62.10406897194935,148.314119659295,10.505964950748892,32.74042119698801,0.8075216145664901,35.89006634321441,0.163059170969252,6.983185293983247,1,68.09873259734151,1,2,102777.56761591314,9.927066363672504,15738.549019705257,5282.450917588091,0.842505055565139,2,63.45512064808612,67.06096665504435,57.597837656201776,1
95182,45,Female,Bachelor,Single,Tier1,Support,Full-time,4,4,3,14,54.964569533071824,46.51491171987779,69.12485640960412,3.041210654516548,2.4805652649627463,2,56.7740962007235,54.31784984324953,57.502136601196135,46.737191170592894,177.50318107053226,11.313987239183527,20.42813821310923,0.7975900184366423,40.29695866552363,0.4569688331048085,7.0826225456894605,0,58.79217880223383,2,3,95501.8193992021,8.210817909978704,11799.196194893531,4541.3795565529945,0.8192340015064745,0,55.9297363360707,63.584276096452896,19.66248104341876,0
88477,47,Female,Bachelor,Single,Tier2,Engineering,Full-time,1,1,0,11,86.41413300476336,90.80490206644389,70.44455027327064,3.474715886575465,3.9059085199096937,9,98.3556034336654,30.785234367501676,56.47549239746919,20.0,178.84635633106743,26.32714910579182,53.70756312213789,0.8879646682487004,31.56810976284392,0.2115409809876681,55.24939509988229,3,40.80353855585388,1,2,80275.19495546115,11.085777509494877,11284.22102137824,6770.594513321836,0.9621460731219368,5,67.64402831523462,77.43563899570469,66.0857605767069,0
62006,30,Male,Bachelor,Married,Tier2,HR,Full-time,3,3,3,11,64.31349132477584,58.14558455190384,56.54874148252653,2.568522132243443,2.905960073689025,4,66.4591953192359,45.010411086939285,47.92116873163992,57.41119853978122,177.5744367638559,20.82201993454377,15.848570346886898,0.8077965263207959,43.88629362943806,0.3048447518093556,31.302778214417167,3,65.49672486368999,4,2,60084.11913372922,7.281265134039359,10567.404481736776,4544.4192274892175,0.9464058261001116,1,94.13681754338666,70.3647419867378,82.23435927457972,0
30884,59,Male,Bachelor,Single,Tier3,Operations,Full-time,5,2,4,14,52.19992462367638,43.962289462288965,57.45006315301124,2.098531626572914,3.655676077003462,2,56.273770201906345,71.93946575874791,54.39695049369817,55.89989253610196,146.32228357191383,24.826296936343542,20.72586983985306,0.8228259855261255,30.967614353016685,0.0557473316629859,47.50602414932207,2,67.80991095068482,4,1,51941.53717120791,5.369298587437868,9811.724156600072,4108.926968034675,0.8878005259735247,2,70.01480281942749,78.02501850022666,0.0,0
50767,40,Female,Master,Single,Tier1,Sales,Full-time,6,6,1,12,72.45376688323945,65.13828622752183,59.51074250243887,4.307178774980722,4.220235679180883,5,68.14957919714217,55.84160505769029,61.01279784278314,34.36880482442613,177.31676275208514,16.47067852506429,41.6081173106638,0.820771726793799,18.89727316559637,0.1435705033786044,23.016832969428105,3,76.70674072043296,4,4,134215.9798154897,5.699638585618601,11901.309415399752,5776.938177299658,0.9785243619139417,2,70.96280407847289,66.63218423530921,68.91690455010608,0
74956,50,Male,Bachelor,Married,Tier1,Engineering,Contract,11,7,5,14,50.50159473101718,50.185424350628864,49.13043911641405,1.904434684238526,2.120270812084728,5,56.41579707534131,57.6084500786246,53.39888427894748,58.855120288777,163.15380705595223,16.254840443242852,42.56172397034906,0.7804337003055813,42.19485761947206,0.1120748207874939,19.47428374773413,0,67.74601027906337,2,4,144792.7661191597,9.545522528456818,8101.221067742614,7252.94751074813,0.8587743089814469,2,91.4974045486873,49.06440372430846,72.76000028768621,0
12751,43,Male,Bachelor,Single,Tier1,Marketing,Full-time,6,2,5,11,70.25552699620876,64.19375911493154,49.130298980309234,3.11700641828441,4.276336942180523,5,65.12580972838855,65.32508860217922,55.55334856598265,63.05781586680022,189.6153865992543,25.676461953120096,37.14784190234029,0.9760166720633644,24.630930540514843,0.2015799384420851,35.114445957003674,2,67.70018839133535,2,5,124128.19913200109,7.947841851826963,8347.823700611314,6751.470089100617,0.9728586003346076,1,70.96891114820234,68.61135319003671,75.78139046947173,0
36507,52,Female,Bachelor,Married,Tier2,Sales,Full-time,8,5,4,13,62.255363115824046,64.8979668840478,57.15334942548459,2.6711950363158232,2.7223235128384786,10,66.36722475625596,41.92550601462307,62.7132571996049,36.35619347064166,151.9430242747222,18.51229860616653,64.75740829490954,0.8028462552838957,26.935394920997165,0.207683831077484,21.224462217720102,3,49.110612349814176,2,3,102045.16806077346,5.852912319822404,11182.79613707136,6236.9776472489,1.0,3,71.69387550216179,73.49893861270525,55.17671611875672,0
9938,43,Female,Bachelor,Married,Tier1,Finance,Full-time,8,4,2,4,69.900046374289,70.83287934380238,62.62282770679188,3.5801922932281705,3.6765161804667104,3,81.29913626747467,66.22739589272105,71.04218314235773,70.56823962436744,152.86840422929194,6.484528906829622,24.303493650066372,0.7587451489336584,33.453436222014375,0.0805330674268611,48.631021183848894,6,69.14885096736994,1,3,85840.3371690261,5.849753146258858,7922.30391048978,6927.374185965191,0.9552830300710508,4,75.23935752523724,50.12313749929439,45.70308650402352,0
18374,30,Male,Bachelor,Married,Tier3,Sales,Full-time,1,0,1,4,78.46211083438897,69.84713353089046,67.09755127256126,3.764163300770035,2.938627564483637,6,76.36929678590191,53.66789055507192,45.37332976169503,43.24700548141688,190.72555352856884,15.769583209769646,42.77665968221403,0.9329765818175086,33.36356696260968,0.3480946947447976,29.942426764833986,1,52.1776548958843,4,5,101288.2881558472,9.480654666872969,10524.546937852334,4879.987809675681,0.9290468070534714,1,53.53446414551282,58.25034884365399,43.14730934158332,0
92221,36,Female,Master,Single,Tier2,Operations,Full-time,14,2,6,10,42.3977247084669,40.0,40.02530697433963,2.155246473969512,2.2448047945139558,8,45.837099348454174,56.57109260131571,55.68629680780816,65.34958238303017,181.23733106065345,12.271350849296816,39.49874637723548,0.8666750675020589,35.20632676331692,0.3525950554966513,47.51354395328083,2,66.71948515271724,0,2,89520.02524218525,10.859842140179657,7800.949688441215,4975.186142753938,0.932345719931887,4,83.88019940282805,66.18153727289403,68.83857298777478,0
90730,29,Male,Master,Single,Tier3,Support,Contract,0,0,0,11,73.12037031194416,73.34403320466845,65.1725089677852,3.3963723565166486,3.2845058511209944,2,61.63010865728606,29.543999897887808,58.42864057738882,38.93354940915153,174.12070079822982,3.431743109171597,22.43204931374873,0.860499001766153,38.4642880852572,0.2444798012276563,39.32014438159982,5,42.09860392282987,3,2,69326.88550770952,6.903365760002606,9766.299137629778,5737.92967175324,0.9259694745729754,0,90.37931949779951,70.83304217087958,58.86120457943802,0
12397,47,Female,Master,Married,Tier3,Operations,Full-time,1,0,1,18,69.80010483217552,72.25299472221496,68.29262869878582,4.030218450742087,4.14737460380675,6,75.48652746138364,75.12498430837623,65.3836959281285,54.587615090950365,165.13732476181806,20.163491085513723,29.33187370275982,0.9082437586864008,28.208086827319907,0.4852556125418196,47.39077694151913,2,66.77907797571457,1,1,73304.74996478895,8.576092465050372,7745.228510385026,6226.377833336404,0.9557561162336664,1,100.0,88.78512724578736,33.496088086446214,0
94922,38,Female,Master,Married,Tier3,Finance,Full-time,4,3,3,8,47.92075536947339,40.0,47.29383677787983,3.122761100826726,3.0746839527567564,6,54.64794240121108,26.11862620888829,40.77034510829121,24.988044292473944,161.65742715157455,22.60118176525913,41.69383561923452,0.9397882173226956,22.72131580475556,0.1815656769422372,39.80742961072916,2,36.7042185780936,3,3,103376.3284682621,5.664808811770245,9911.886388939238,4683.552868078474,0.8954846789111718,1,69.93085754732977,58.42933001288725,25.399662582015207,0
33802,42,Male,Bachelor,Single,Tier1,Marketing,Full-time,3,2,2,3,51.52835971721178,47.29248115037991,60.10989831414143,3.3007065880484485,2.8488517811174674,1,39.447633397050296,52.30155270440933,45.22341831402034,61.55525987561588,191.21535195904016,8.333417734805096,18.27698872915571,0.7817156026043492,34.78959785829942,0.2447916071836066,40.21220811153226,4,62.87446208647095,1,2,80161.51971431222,7.948031151668773,9665.547698192704,3594.619652879994,0.9724088486735016,0,72.66681777745941,50.01745222015464,59.26426897848902,0
1231,37,Male,PhD,Married,Tier1,Engineering,Contract,5,3,3,6,97.7266262056128,95.53325210095088,76.68583304576316,4.202763491673452,4.69556944432137,10,87.44676034595864,100.0,89.06620181994332,79.74681397921796,175.15377921854773,30.93853646781185,53.56434350476288,0.8368297484248329,21.98763887072535,0.2047033553404292,61.51339160493616,3,89.97290650098594,3,3,113754.79608996664,7.049057383929535,15187.761906373722,8727.490562926467,0.98224261196754,2,94.4159185810202,60.62857055251996,80.99800083486791,1
20335,51,Male,Master,Married,Tier2,HR,Full-time,7,7,5,14,79.29566769744838,77.8302223353465,71.02212979000919,3.627854725106974,4.344441249838455,4,83.3912000696725,48.046846663897696,34.30917565399324,20.079953416522887,153.94118913504414,13.472564972850192,26.785057430831426,0.8434165900081737,31.688933723090773,0.1264519824241705,24.087243937183395,2,49.21063831245466,0,1,55321.39231429574,8.301257371053772,11438.931560236137,3955.519467644688,0.9738598715470778,3,80.27101038778598,33.488357415456825,38.90499935963558,0
78044,31,Female,Bachelor,Single,Tier1,Finance,Full-time,11,3,2,11,61.44192515164381,59.79084308601183,66.13633779004977,2.4626149865037568,4.163287082522128,5,79.58237256706663,64.99461920802881,67.38537079858406,61.14802716327017,167.7084840693758,15.728304165782689,28.729619040700232,0.9029750008329086,21.543029901047596,0.0142845654852903,42.40536704969162,4,74.17402625384211,2,2,94948.70065994344,8.255049244753486,9086.560919880092,5313.696418288913,0.9413625749519812,2,62.53909709302999,70.62056422375704,34.48213378267119,0
40351,37,Male,Bachelor,Married,Tier2,Engineering,Full-time,5,5,3,17,85.16363150742922,86.66268829993359,77.75189578572409,3.966403460674476,4.598101953180677,9,73.43018705124398,49.65968391064213,64.00081200241598,25.195436193848444,171.47712879366972,28.94955805320512,57.55803955225073,0.8343980365725437,16.42466425711864,0.2814325701046197,32.37989917915038,1,36.69927793099273,1,3,80013.8693239979,6.355587592589563,10530.159649681034,6506.225823076293,0.9451388173881148,0,57.18429780814483,91.62757876158734,71.53463963111165,0
50863,40,Female,Master,Married,Tier2,Finance,Full-time,6,5,0,6,62.004018521199406,57.09771314132981,57.28224614488178,3.673191311934354,4.062925596637806,3,57.656886906358885,48.429102801150286,47.74900005732199,36.13166471949998,174.286951903476,5.901612072170398,21.805656062327945,0.8432018285482537,26.838573484207544,0.0736601221359796,41.784349664170094,3,42.57665843311588,2,0,63698.88508964029,6.254588511980744,10983.891640488398,5494.939351083862,0.9838192950117888,1,62.96934995800241,46.12041166180563,83.77631263132454,0
65410,53,Male,Master,Married,Tier2,Support,Full-time,5,3,1,6,92.95060640370454,75.53349654051945,57.69681828008039,5.0,3.594811884947645,3,91.72661198495864,66.81156749614851,51.33377067485924,69.17824771681049,165.74216898814788,21.64250964442897,29.277108578539824,0.767793042696736,27.026055681669984,0.3688761049319667,57.64645240081809,3,63.79870432603626,3,5,91198.32303827556,11.797538338219312,14128.707925074355,3516.129398119118,0.951813398166964,3,75.44675313868817,90.18005370443274,35.0039198255038,0
98466,40,Female,PhD,Married,Tier2,HR,Full-time,8,4,2,6,89.75449543893883,89.96440646001138,77.34460469897587,3.6743268036458856,4.192527437463532,3,98.79969300968584,89.19372490012549,60.724528442590405,64.73045155354109,158.73864450638146,17.23669655863405,21.055951933587014,0.8212650402157237,19.92008190309637,0.0997218247571058,47.36035940989618,4,81.00244885944457,0,2,92080.31741587768,7.378957863630771,11738.166703752531,7038.867330878749,0.8627284915252333,1,77.74134439549076,72.41220518071029,38.51627914026948,0
83943,33,Male,Bachelor,Married,Tier3,Sales,Full-time,8,3,5,19,88.90306779264073,86.89129875958415,78.63291158131071,4.394006610974739,3.89714889350484,7,92.58968454997289,59.05610956961296,56.102093607002026,55.72242178554824,188.92380885744316,18.9251840703522,36.55643217171097,0.7978882820783796,30.567671533156368,0.3071239306620327,49.949091673428754,1,62.23088815344812,2,1,112542.3712520025,10.79140967402519,11916.333691014455,6559.314680812275,0.9315614658905488,3,61.623827912141216,95.8867552067612,52.38556227298808,0
35641,39,Male,Bachelor,Single,Tier1,Engineering,Contract,5,4,0,3,52.35525559761068,56.45867584336339,50.89238103154983,2.8997057912362583,3.660592557463545,7,31.50318178610186,72.7303896564207,62.184857834373325,59.16524551590764,150.50739966968845,6.007288096035223,43.56746351238162,0.9429289640487368,15.294202164091155,0.5617545819706856,44.57358310940154,7,76.15616033268212,3,6,110830.78451118272,7.327016489981053,6568.233905247528,5813.123437640752,0.931478715763834,0,62.013622289851455,100.0,55.15334173287292,0
76610,58,Male,Bachelor,Single,Tier1,Finance,Contract,1,0,1,14,89.22854970502793,86.03877175625315,72.00401940850941,2.7853762448259083,4.51626239105989,6,93.20614057992474,51.91521406224015,55.570064599993785,53.22567473715943,193.2158479704844,13.538519789516268,43.16730717447524,0.9843010305792892,31.615365846954223,0.3335571033030111,29.11379734584465,4,66.64415827669495,1,2,113554.6782228776,7.156348155723972,13027.745517392252,6085.600016730833,0.9289301628851684,0,62.96611404772455,73.80973317417237,48.94346446742714,0
1046,53,Male,Master,Married,Tier1,Support,Full-time,5,3,4,12,70.77974038958017,71.29308216336656,73.77687943560731,2.46697423599901,2.8722878876551983,8,64.77526934659012,59.07917172084171,39.76154349152587,45.02671342005729,190.28085136238823,12.456677875316489,48.092580613839466,0.7330734484811384,20.344154980562177,0.4854660376340268,50.74840128080933,2,52.97118152319596,1,1,84333.5254191817,7.61771594273663,12908.878484941475,3492.01587529848,1.0,1,71.66514222685886,24.07796335895455,50.82870826628728,0
97796,50,Male,Bachelor,Single,Tier1,Engineering,Full-time,8,5,3,7,50.69847791064321,47.94145791331651,52.51234794693176,3.2560985806791973,1.8978665109130837,4,58.75212144237245,47.91924221627561,53.51709539093664,61.892679045020415,157.51194276782945,15.112979578122438,34.3634836628385,0.7841616071417394,18.095593990792064,0.5988649441771385,24.750610253090475,5,63.6884494956985,0,2,106802.93521386788,5.269095250931951,8534.283051568811,6387.010490285372,0.8957167450679653,2,68.92531735661474,79.07771364771492,85.76300891611743,0
5938,42,Male,Master,Married,Tier3,Support,Full-time,5,3,4,16,54.58176655662068,54.930914183777546,53.03762434229989,3.2274781594299835,2.4008054327473203,4,48.5758472616649,62.497009890437816,28.066588823187367,63.10593968246744,202.94146732380963,4.586373333067272,20.20169621185196,0.8725806031987946,16.412969533248592,0.2704613196223779,19.82462645407573,3,59.1281614911766,1,6,63087.10871115845,5.500752814043408,9341.77487379421,2548.556387249125,0.8992989518769443,2,59.42246055514933,56.726023844297366,76.60374896140394,0
57688,41,Female,Bachelor,Single,Tier2,Operations,Full-time,3,3,3,8,63.19038890478346,67.158336525783,74.88744250666305,2.9344122259698606,2.7451229382991027,8,60.62178463609695,89.65372350499722,51.19003886208934,53.440532015128966,175.37013207356165,12.276546179330245,56.34186900449854,0.8809944201545779,31.659546532430618,0.3558042026375334,54.12452091634245,0,61.355521137807685,2,2,92691.87077685563,6.150262594139184,8077.398379710587,6225.757209503399,0.9832278094728736,1,92.75205556138908,57.56966387229184,37.56257240847107,0
7896,51,Female,Bachelor,Single,Tier3,Operations,Full-time,4,0,4,5,69.40062685265893,67.84683026278131,55.57359780681647,3.1726165736811955,4.63438731633172,6,73.66338098725046,85.94953147942164,60.279723231999874,50.78798389237522,145.39238904771358,16.970025772136367,37.13556497267246,0.8558760065338568,30.2975612921719,0.5270026027181046,37.97734350923804,3,82.33192486989685,4,5,89637.0050615037,7.461887386020781,8619.299971262064,6606.418857481895,0.8765552210400588,0,73.24015721253161,60.20402392637603,69.03679005125308,0
87485,44,Male,PhD,Married,Tier1,Marketing,Full-time,1,0,1,15,81.33682276947164,79.7748212712667,73.49908710415248,3.122740358160227,4.526923992192523,6,75.6513499384276,63.36691489844388,53.460746962608894,42.522669212195424,171.55934527776546,17.137764981582855,41.75237139525037,0.7793566759721436,22.775326396741125,0.196496650463527,25.75324686251254,2,58.50669504813639,0,3,65443.42967448164,5.889236730829976,14323.375594441824,4804.563228605239,0.9065651350381456,3,27.131726901548,37.171694475662726,66.58315255704701,0
17571,25,Male,Bachelor,Married,Tier2,Engineering,Full-time,4,2,3,18,41.94947147688662,40.0,42.870252413070624,1.8883441915145696,3.4468035271447097,4,38.67106800667953,82.04213303778349,51.08390922757441,68.90947729908777,188.7339832351832,0.0,41.34808533394154,0.957567493258806,33.49182921393165,0.1393873592830935,28.677943141023565,4,83.65914497629569,0,5,96726.89883791856,8.718776792618268,6177.114915030762,4297.451112993887,0.7870515522615678,3,57.72208187354456,59.94656447542381,100.0,0
53065,48,Male,Master,Married,Tier2,Operations,Full-time,6,6,5,3,87.46783292701758,83.74950339701311,81.870629457751,3.362353577602372,3.872896805906752,9,96.76364217684495,57.09101238424262,57.01734659996447,41.743110420758605,171.48552092385762,29.86701016947496,56.11477437967846,0.7639582184411221,27.959096324462987,0.2671668285015828,33.563772168617746,3,48.48263984562498,1,0,83613.31883492309,7.619185266801804,11393.605368780169,5542.521785742385,0.9414964973025004,3,83.25318054455892,63.24906977623509,31.61649533565748,0
11142,31,Female,Master,Married,Tier1,HR,Contract,1,1,1,3,40.4443625002533,46.27025409386684,51.42273514343791,2.676415643158247,2.0620115200080846,4,30.0,56.131147547416965,55.86796042660311,75.9629241168686,158.8921848886249,20.183594150604044,28.52611396265833,0.7413603633779288,20.613028189156736,0.2037943906571915,34.517166476706215,4,65.48526450102632,2,3,50003.40603530041,7.353009337716783,7258.883929448584,5615.962862031379,0.9036525301756528,3,100.0,76.88242636393953,25.62868050654408,0
96937,33,Male,Master,Married,Tier2,Marketing,Full-time,0,0,0,15,40.0,40.0,46.329984156756126,2.333538169716429,2.1215177150099027,6,43.44960878450826,95.47188835944834,62.74288495433425,78.55660586199716,160.5587850945869,23.81353602810017,33.38858697212485,0.9126736577051742,34.28653017578236,0.1513120345564,23.383095344534333,2,79.73881184060431,4,4,78099.14784390926,4.241816392801457,12904.050769348274,6881.701620920397,0.9535378882162924,3,80.85669172818926,77.9016987235582,14.8290890402073,0
50491,53,Male,Bachelor,Single,Tier2,HR,Full-time,7,5,5,9,47.17236542759659,50.05674970811529,55.22416315565914,2.7704267110744856,3.301670798523101,1,44.04939588831149,69.37166676269784,48.98773324143698,63.80372030988726,142.48536850881078,15.005533378108682,12.311507807823654,0.7516508195970721,16.867398823569438,0.1464958090377857,46.92484575960322,1,53.67992587837575,2,2,66148.8654021184,4.816535203845076,7355.933086153575,4422.561979676117,0.9074009170549016,1,78.44787606127076,78.04561685127251,32.69101706701117,0
33223,42,Male,Bachelor,Single,Tier1,Sales,Full-time,1,1,0,17,71.78913349327325,72.02862535473025,67.46157466363616,3.1943017323401284,4.057022051022818,5,64.77073048074146,74.43800944201006,47.81897065184517,70.84086677734234,166.5281725944457,25.0447005846078,36.06670672963944,0.7769567176476749,30.64269578165504,0.3443494333816468,39.975595567906126,0,64.66752881144811,1,3,126476.068008614,5.782748562158105,11885.406272704246,5731.26283499289,0.9622216462758164,5,78.85726119212893,58.40270574889018,51.97173670897816,0
82507,41,Male,Master,Single,Tier2,Sales,Full-time,2,0,1,8,88.14375424269461,82.57946319957149,74.12544629607473,3.692655257977987,4.029029186608982,6,86.82013197101703,64.11552936473919,68.9340255193374,48.48746631095412,156.01581300820718,9.44516973776278,24.673185748664608,0.884405477498317,25.6307074021223,0.31481492821105,59.17190401272831,2,83.1863414060025,4,2,109483.88357535984,10.18385398028632,14243.811806887192,6915.912291360543,1.0,4,61.52913142225153,82.32271060306394,35.53125436191152,0
36297,38,Female,Bachelor,Married,Tier3,Operations,Contract,11,10,6,16,73.17356844282396,58.73750959906905,61.09652628272418,3.249364324405133,3.5704213815345724,4,73.10234924904624,52.83962182408177,71.8087846223203,66.13533178067499,148.29804277278586,18.6165322131214,34.727136729453434,0.7654845957980475,15.799149632724186,0.2373026644017258,33.79983713079811,2,67.45886816074105,4,2,88346.3891057077,6.575849907212145,9415.471362008046,7084.215223926615,0.965180557606468,5,74.65454318404797,34.27994974461719,79.51690194234234,0
67925,48,Female,Bachelor,Single,Tier1,HR,Full-time,5,2,0,18,80.55968454399721,69.63026301039565,67.837509043261,3.061040362623034,3.945404883044272,0,86.02366459155157,71.65267169879903,88.53439945954071,59.74681916250793,129.44234368164646,12.760329940455858,12.83200138765348,0.9169057124117828,33.525697377548155,0.3782755120401284,38.977109221705135,3,85.74577312493672,1,3,85880.54862332523,9.70129195537497,8914.814853043707,8447.18366034058,1.0,4,48.35585863741507,64.99923066690413,45.48664301903469,0
94405,58,Male,Bachelor,Single,Tier1,Finance,Full-time,3,0,1,19,75.16704831307644,73.65419628747375,68.07911989840578,3.927852880103786,4.788370631891809,4,66.0205717428423,89.13191586642549,63.29744370549296,68.87013858601262,154.66714488943867,19.797551624901068,48.50599654039459,0.8721677778847532,34.575815205335985,0.3965826613704974,62.82135577022491,1,81.72562346070112,4,1,115459.34390791136,5.0464920572932765,12226.654535091246,7041.563436677811,0.977676808195277,2,65.99270698988161,61.82141913894178,52.99727975429765,0
84993,33,Male,Bachelor,Married,Tier3,HR,Full-time,9,9,2,17,99.14740992480726,96.18476624540897,80.10654766390518,4.88623468303013,4.065801829403877,2,90.4927115796783,68.73213889892808,81.62025567407044,62.90452389754549,168.15654162409322,11.572214937949951,24.695636414158464,0.7341043509636005,39.01650667592306,0.2950926515819773,45.98738596367128,2,87.52550791334667,3,4,63183.27958475282,8.965351936203135,12623.44135086002,9195.904007939687,0.931318322631858,1,52.90140558510112,84.3044091517078,67.32327508692111,0
62123,41,Male,Master,Married,Tier1,Operations,Contract,7,2,6,17,88.75201136833768,99.6821494433413,87.50256757225942,4.380887544712992,3.3261620055210024,7,86.09735800856895,82.10430059044045,74.3309227172509,53.6532957008181,159.6304053076545,19.27872730458689,34.727917531919815,0.7841295307333656,21.95194806039072,0.1947326388902462,28.05857765060275,0,74.44375045216803,1,1,117195.8985386514,4.556298054990462,14552.15719755891,6534.474132471308,0.9103802722508408,2,33.6915658159287,82.59874298154163,53.23189038769422,0
65744,31,Male,Bachelor,Married,Tier2,Engineering,Full-time,1,0,1,7,62.5804765285845,59.66583633336562,57.680458142973656,3.089869700804992,3.7197222571176862,10,92.15221295668115,72.09692675294403,38.311836924814926,61.96902472289636,201.0250859681969,24.160321792063183,51.49258482359772,0.8269927115073294,14.666759283517294,0.3275625028523674,39.95073833766768,1,57.30664241448999,1,2,103931.2216776895,6.401081112381382,9839.770481285615,5132.827702578001,0.9813360710640452,1,98.37929455057689,81.73895629120676,50.11080832831011,0
40247,46,Male,Master,Single,Tier1,Support,Contract,1,0,0,12,62.4990384550267,56.48852777241861,62.68678363618131,3.2423979775413594,3.276526665075299,6,75.91769265934104,80.39926165684321,65.95019737299296,75.11033782367753,159.37262437107904,33.4225172897638,36.93324503090632,0.840872997742886,23.903339616977867,0.5012956897334696,57.34243978966824,5,84.45549209411989,2,11,69425.9857866802,7.23562891685883,9012.60693238348,6155.015808083406,0.8890074508924606,1,92.55685929369328,88.34048552580649,50.26358614813245,0
16362,39,Male,Bachelor,Married,Tier3,Engineering,Full-time,2,0,2,6,54.12865316904743,58.020032032898094,42.87232001536945,2.819695804107039,2.6301420189326934,10,53.33815048827802,100.0,74.7501260305282,57.3852797198233,157.37130691700787,23.5337488182658,55.431071800623776,0.9313055743744336,23.089220205073502,0.3402527525489608,34.93837471318531,5,81.52033964582907,6,4,87546.88659342907,6.448028355500367,5668.2679722443445,7228.459600160047,0.8753196164807694,2,74.34298015138856,86.7892235917468,61.396992773169785,0
55939,48,Female,Bachelor,Single,Tier2,Finance,Full-time,3,3,1,17,77.55244549743198,78.55003785576802,74.66671600273241,3.8041728079426,3.2859305433043247,8,71.56995585956835,77.56021050590758,51.274553657710975,80.60733775645203,147.41436817602195,28.935084924451605,45.3667592621091,0.7575220429308993,30.345812389808337,0.2827646428422351,40.045027068872265,4,79.32585973103681,1,1,105579.9163628574,9.644642680546388,10015.538506552151,4220.20659107692,0.9478052971234388,0,77.61220930029206,62.345780566964045,77.90423640050804,0
28675,31,Male,Bachelor,Single,Tier3,Finance,Full-time,5,2,1,12,53.60068276643992,49.08874846498682,61.7632074393458,2.6870374748196024,3.1309306633436997,9,58.39140442950077,69.73718196054664,61.76432850950637,68.3394427715012,175.00170472487565,29.67205391270501,65.14152013477266,0.8711625261099694,25.696271226283084,0.1769304776552624,45.76136897189895,1,77.85398748488777,2,6,83401.18079321086,7.698213105627264,9969.156157692369,7435.564855782894,0.902276677480293,3,49.928465143772144,62.74681127192522,71.55684773019206,0
23958,30,Male,Bachelor,Single,Tier1,Sales,Full-time,9,9,1,14,100.0,95.43670026429808,72.32294517806456,4.684265371604481,4.430074829337932,5,99.88016125472618,32.64664377090712,53.59233182352119,48.65776326630794,174.48418714110204,14.354614251155256,35.703317778385426,0.7878244390423633,26.12881034399609,0.2648923282984465,45.37113836544188,0,57.8432670691253,0,0,127917.70230804443,5.855528040332467,12881.185468334625,5044.260993803492,0.9675026415187294,1,92.70877763646833,70.24719692519925,40.104700918174174,0
7859,27,Female,Bachelor,Single,Tier2,Finance,Full-time,4,1,2,7,97.2411872184582,100.0,100.0,3.533743995730588,4.639732388604988,5,98.89886911354633,96.9762426167398,82.81446155006742,71.16275857455429,200.62135848227857,16.719017246461085,32.309853789465826,0.7316797286337794,11.481792564241218,0.3232255942406623,34.6765328858926,4,86.37934709668926,1,2,108671.78697065308,6.635707081642136,15034.76487327256,7556.721873492437,0.9839838418947028,6,63.1147649017499,58.650791055838496,36.17074549826943,0
94213,40,Male,Master,Single,Tier1,Engineering,Full-time,6,3,6,15,60.75239536775988,66.84990947007095,69.46716480329573,2.710398660138637,2.9111067169079523,14,57.71110810791461,77.05293939349201,68.36293918815737,84.57270815050825,197.75412857430584,38.83181872475763,78.20380049697704,0.8194015311324728,29.510513362787933,0.4419974117872206,45.73926100098003,2,93.1016189800996,2,4,127455.1659607187,6.727422978919694,12857.50352732135,5525.162213624098,0.8801974693365741,2,64.92139562768003,66.95621973419138,24.70545930795944,0
63352,56,Male,Bachelor,Single,Tier1,Finance,Full-time,6,6,6,6,80.37033289815955,83.13886706990802,74.22524808195502,3.3522883165314554,4.327290120454434,4,90.27139752914668,88.25392492506245,72.18625747011441,66.80933591006755,153.51614091434874,5.6153331558403625,34.11225136243584,0.7146633894853603,16.596559840299506,0.4872051160465691,36.67816074921162,3,81.05074146017036,2,4,148880.46563778038,6.196543198193005,11200.120557507227,6788.4529245795575,0.9841269217981136,1,81.27657273480217,78.96922576804572,46.468307925567295,0
50199,25,Female,Bachelor,Married,Tier2,Engineering,Full-time,11,7,11,3,64.15528810126428,70.02546939851422,58.71542385486153,3.630759524666592,4.206135397785348,12,37.429120610092525,65.28147155567824,75.4678686972853,44.41918509772778,200.88811485086123,23.06593834351836,82.88938948045356,0.9556012140261309,19.81644963147988,0.1453247708479171,44.626831987289485,3,65.73145441659871,0,4,151185.84371993557,9.818383418627938,9800.418092626358,6562.773526254507,0.932215100815278,0,88.67277017473569,31.0113696752297,45.364955233628805,0
55239,45,Female,Bachelor,Single,Tier2,Engineering,Full-time,0,0,0,5,57.82912207637848,59.26873002822869,62.95064617990653,2.776733140185039,3.3140280966175766,11,52.99318426000235,63.82827013532667,67.18286366591431,57.83850009367257,156.90617692650244,22.452991451387295,59.46741559603261,0.9384603282372136,8.734283025721986,0.283470256543595,51.39926889988771,1,65.95505753695402,0,4,61959.44292710665,5.899654578960462,9921.70560793631,5995.796326848939,0.8742037009356012,1,47.14499403483194,49.03141270446877,51.424598423518304,0
98341,57,Male,Bachelor,Single,Tier1,Marketing,Full-time,11,9,9,9,62.42463144450611,62.50375853688245,65.58657066845625,3.458027558400872,3.913278443183656,7,64.07619403068875,58.68247718166038,59.2664829394856,44.27364957639136,159.2227837318656,19.70362778170732,47.01707025236442,0.8438162144851212,24.80023394353372,0.1680951153864529,45.68757609495211,4,65.5755696709974,0,1,117766.11601699794,7.840740573732989,11343.700005213424,5636.804994826079,0.8934603998060613,3,73.39736213032735,64.60209392973887,99.4071748118158,0
13706,33,Male,PhD,Married,Tier2,Engineering,Full-time,11,6,10,10,90.20217719296087,76.864933474859,62.59472691515138,3.730754944161291,5.0,11,94.01347178588668,42.976666557173466,43.92128265376047,48.52236882930889,172.45516509435305,15.110996798343992,65.47190588846925,0.7570387486476498,18.75270896214581,0.4116548250143725,40.18895164801797,5,58.73487679452577,3,4,106985.03120673729,3.940020896340754,12062.671278343443,4950.707912415687,0.9283796401974692,1,55.74328476466757,75.38136227346111,58.56581095283008,1
13580,41,Male,Master,Married,Tier2,Sales,Full-time,2,2,1,8,77.65562433001293,64.61158394049252,63.67949167925755,3.616160731727888,3.767479274372512,12,74.77419971031136,69.50512458329884,61.47116102261938,41.20173960296258,204.87175578132477,32.88968069825076,67.41620319826637,0.7695989951967634,36.00714101019309,0.2235058164227016,41.77610923643479,1,63.01253262526673,0,2,73755.38921839866,7.9152025542526045,8173.1892784398015,7235.311844065935,0.9662231946163372,2,100.0,54.72181450036781,25.97128087620252,1
34571,25,Male,Bachelor,Single,Tier3,Support,Full-time,5,5,2,12,43.88436999736903,54.81921928576559,67.46593883396841,2.476175828687148,2.1700043048505684,2,30.0,53.42813624401142,46.3894027315356,51.65861411577862,141.30118077666444,0.0,15.529085239429424,0.7772707156689987,34.003438318905374,0.1508294742957228,47.75736335265546,1,60.25292367514196,9,4,55801.28328535632,8.05851815889447,7109.667202780299,5058.70926623967,0.8959903383839375,2,58.89688121679346,63.97916488024176,42.974731453439176,0
93622,34,Female,Bachelor,Single,Tier1,Operations,Full-time,6,6,5,14,70.93941412955321,77.75003198234627,81.09484390391921,3.0051995255524813,2.92537411373107,3,72.873588541815,81.643461429915,73.26710373135558,50.90813189300154,183.2744692517853,26.67026736417544,25.716159154495287,0.8930238036215177,41.451668472885984,0.1407673104646042,30.58013453043784,2,70.32043077476015,1,2,104070.51280181452,4.6143426157561045,13078.107721174165,6328.05188302895,0.9116480088404484,2,41.24909605420426,65.01401532726425,9.561373232742907,0
2105,53,Male,Master,Married,Tier1,Marketing,Full-time,4,3,3,17,77.49944073491746,79.01001593294703,84.25875490769275,3.273854833247109,2.950992319013663,5,70.68516621517571,70.16691577627397,51.648450997394285,58.31338265172245,168.77757450318887,24.968128123776907,32.593203176714944,0.9368328665119589,26.15908591558923,0.1972046038242837,15.34297603126629,1,61.57583752892074,1,4,104390.48046586636,6.684566686586519,12331.066092977846,4272.532182423246,1.0,2,57.59889810493606,72.88546827829357,65.68427720581823,0
74361,31,Male,Bachelor,Single,Tier3,Sales,Full-time,8,3,3,5,57.48264421103363,54.64324487500251,49.31417200514669,2.1557845221441503,3.141012798672312,8,72.8852271682413,68.08600319859497,48.5541131239054,58.85335048263169,184.154599533622,20.97142573876513,54.81715647739657,0.8127707828900493,20.43319518802168,0.3799875677360751,48.72879797683088,1,67.75594518008207,2,2,106217.38250541996,10.62440787785812,8021.18449115578,3370.6116643493538,0.8909912961238402,2,66.62777752738992,28.475941530058225,34.48781251270776,0
85889,46,Male,Bachelor,Single,Tier2,Operations,Full-time,1,0,0,10,56.12152096489114,51.94962032140784,50.39562245656242,2.8750674757812744,2.162704660874436,4,51.79135868550807,28.45327440679797,30.034978213495137,56.91820597671964,160.6785578771986,22.970226183669084,33.66483343947937,0.9592790330554356,31.754359089144444,0.1881771398105582,28.434055198078447,0,39.24685248766277,1,2,77302.62512352342,9.422128570174664,8927.812971231575,2922.0732539405417,0.930481796103272,2,53.4433304711857,73.60508800453127,60.5272394196586,0
99907,55,Male,Master,Married,Tier2,Support,Full-time,3,3,3,7,75.23894781354247,63.70077036869586,57.716114297350686,2.916882573138442,4.393499218700431,3,69.48004943073207,79.163532745467,66.74310060442434,75.25797033271009,191.22128951242507,1.0134614529449326,22.43858586366593,0.7364683112830066,33.10324645842599,0.0991797613446106,33.09893242151695,5,76.74717139355643,3,5,60219.5165543217,3.73971777592956,11774.871800982142,4813.247286575987,0.9038331422797148,2,53.03487531005835,73.23930897222715,59.75816577818557,0
56430,53,Male,Bachelor,Single,Tier3,Marketing,Full-time,7,5,2,5,87.50383329321453,84.23027534207118,75.18482017222979,4.459391834261384,4.22667351321849,6,90.8764991739416,79.3713111465929,65.58234998146877,56.49794819575625,172.0039016400067,17.60602017595236,49.88259537959991,0.8536567009413522,19.948571353325526,0.3859835292756433,35.33985963861137,3,81.04635467467884,5,2,124042.20278651324,8.091524573442046,13290.043190235014,6582.449510037846,0.9577648321485962,2,56.703533317861954,80.63551587867425,64.65320073036872,0
86503,45,Female,Bachelor,Single,Tier1,Marketing,Full-time,6,0,6,4,61.21762247262852,65.56913993215865,75.70635223268555,3.462126531842179,2.7275527233752643,3,55.56189235150528,53.13728162256822,52.46299860477474,58.7672425447449,147.73063094133246,3.669930869056103,26.216199512098505,0.8122135214927683,29.058531141212796,0.2558235279186168,26.145709986222816,3,52.55613131304973,2,4,129372.84454076004,3.572541913864581,12719.69134017493,5704.1167938455565,0.8907717393214867,0,80.98355601529295,58.18907967752786,21.464177202902675,0
12470,46,Female,Bachelor,Single,Tier3,Support,Full-time,4,4,4,6,66.24690516913901,63.95444142761294,65.74667785912435,3.49598354403714,3.1668724556093872,2,63.98062446816279,59.46880538643434,45.57689537580606,50.23676460395777,151.40644341097374,9.235383003272124,14.659934086098714,0.8475587807680249,15.618802552774874,0.3899458421015449,49.26934980660756,3,70.79631552025567,1,2,55071.22345338592,7.421953419329689,9143.963655157126,3632.837190861838,0.9864932661017816,2,73.1454268233176,84.95742580462236,86.21719272528082,0
14779,28,Male,Master,Married,Tier1,HR,Full-time,3,1,0,16,78.01636709670527,77.1502579102113,70.5296894588542,4.962519341933144,5.0,8,84.77800501004619,65.49188540819658,59.83528596682494,48.43692965492705,212.8626170419734,20.497839572020144,43.76257642818136,0.740218691506685,29.78310092379336,0.3643122551798058,58.35179868798566,2,63.7245197569124,2,5,102889.87874848524,4.50270231754857,9672.34230792116,6618.699279199509,0.939664263331166,1,65.36327648954652,54.397878692227664,25.03330554898742,0
27544,49,Female,Bachelor,Married,Tier1,Finance,Full-time,6,2,2,18,70.05848835999127,66.48103346362659,55.9355609978541,2.859616648060685,3.670141023734364,4,81.7708088570837,50.262387618028136,74.77903215950838,73.81177900711822,170.35781768948831,19.931970870595105,27.80458388024254,0.7346512597698666,23.615466384929867,0.2405746649553907,24.55204979102819,2,59.58690501022728,1,4,114954.25770403864,6.8648878694430895,11594.857381451491,6858.579078862498,0.8939915598389692,1,84.17923932419701,56.78531535775736,35.297579633484986,1
97977,38,Female,PhD,Married,Tier1,Sales,Full-time,3,3,3,11,82.73246531714678,73.00261306722493,64.5771309266878,4.48627615316145,4.423550993675557,8,80.3321996149691,97.6560188568935,81.69595589636994,52.45632584356092,200.1125917279161,30.87223048066879,61.18327147555203,0.8107283738700787,23.370474503629705,0.194040041418761,27.341676168481328,0,84.91789751825277,2,3,71942.76739632977,5.511252836565856,11574.596081078073,7860.687709294418,0.9318141026218988,1,62.58605892704376,75.17731473415651,33.53913664967165,1
46123,48,Female,Bachelor,Single,Tier1,HR,Full-time,2,2,1,9,57.63479229305156,58.91669143010898,61.74196816257384,2.967435337323637,3.910557350154136,2,53.00949917224707,66.94422376405433,45.50647830575342,46.06202252627366,150.81499058197917,6.422635328917826,14.89581931706969,0.6873995698736224,8.70724223982594,0.2660838574200975,50.07857192740229,4,50.38037929098722,4,1,48495.83165277991,8.5766130925732,9393.637934356646,4007.240797379647,0.9935273419970698,1,69.66492844509892,78.60775997163661,59.179834803389554,0
49369,28,Male,Bachelor,Single,Tier2,Finance,Full-time,2,2,1,7,53.70240832570538,54.60033964706462,65.37573656141616,3.159467244125268,2.1523200987769973,1,61.266599504767086,55.5789831043427,36.679375455111455,61.025451322222594,165.40457216380517,20.9833262228941,13.222069126809188,0.8859536407308889,15.407115082424154,0.572785887832696,53.09162591893003,5,67.66272356220583,3,4,50804.13542888847,5.284686373764844,9150.581466905,4519.125713898389,0.9973710053923464,3,81.05662195649369,82.87012919266182,74.49616217818595,0
1333,38,Female,Bachelor,Single,Tier3,Operations,Contract,6,6,1,9,73.2604131452797,76.4972591168413,73.93168405075302,3.385572650293261,2.171746057235929,9,51.46253822022648,77.06324757221348,55.415358789336096,60.48882521363576,215.4600020079841,16.524931128329996,56.39677872855431,0.7241084898944415,13.175743511298874,0.3255680507622948,44.013575698199865,3,71.71647881917092,0,5,57978.60161242448,6.737932585202133,14310.694727011693,5793.18724862673,0.9291394019813451,2,54.86377621065991,79.83286369185765,34.327242830065494,0
2361,41,Male,Bachelor,Married,Tier2,Engineering,Contract,4,4,1,4,91.25126471153068,86.37009325294753,77.64649896018207,4.26017084416974,4.293219798060057,5,73.94188030519302,61.78430386449347,85.71202668756158,72.12256745352573,132.4286016067478,13.365587116447916,49.33168818495035,0.8840142614768571,39.0651493313435,0.148570373657662,45.28280955682104,3,73.77358883528925,3,3,124428.3908866216,5.720402939178445,14018.766219735644,9496.427951484631,0.91346311924816,5,75.91009859782592,68.10767527851003,38.85224156335876,1
82418,23,Male,Bachelor,Married,Tier3,HR,Full-time,3,2,2,18,75.354529077533,82.6185607366766,63.345194670735765,3.3944588595554723,2.8878739525643637,2,78.8002441055959,85.42768953300634,69.1599248363951,75.59154549331822,139.33195644437467,22.39902133082404,22.21349070052301,0.8163156786946949,23.777614115211385,0.198023015791856,42.58338484287159,3,84.71471090793688,2,9,71579.55904882487,8.575480432668783,10580.529300797692,6625.239315033028,1.0,4,76.5653168488929,70.49341598793028,65.92103590635203,0
45149,44,Male,Bachelor,Single,Tier1,Marketing,Full-time,4,4,1,9,60.34005371262644,64.65014005961376,55.77528325982681,1.6880944371318831,2.6091626748091303,6,68.90380076373673,52.61403065699165,58.04376366125405,34.442034819111825,165.93321819389232,17.686844653941673,43.24828915398802,0.7043716889796235,16.793859390445462,0.2635493789465368,52.305963140385714,3,50.70587245479664,2,2,89883.23987575705,7.0395721277177135,6883.380853932989,5111.229740555685,0.8940921898723249,3,59.1768237875052,76.03930291768425,82.33366952998706,0
7842,33,Female,Master,Married,Tier1,Engineering,Full-time,4,4,3,11,82.45895962279764,79.5316187156953,78.77623628413491,4.173711719527789,2.973163229761445,9,100.0,74.60680440392757,64.63123591680771,44.20336653345916,183.90931540226225,19.798480753524284,66.79370871992471,0.8652610811471818,30.530641448930545,0.2438932804639052,59.632894180181125,1,69.5197001286504,2,3,157513.59191983892,9.60584209308212,12261.964046121871,6698.026418681651,0.8156065980279444,2,65.57675577470562,46.16918573944147,75.50322570308082,1
86291,35,Female,Bachelor,Married,Tier3,Engineering,Full-time,3,3,0,14,65.98388926343496,67.0297964777059,65.91160773086656,4.085858497096327,3.029656336045478,7,74.15899516317215,53.52592483523641,53.89333587517216,45.90366694096459,176.06959985938232,21.539139922683628,49.83039483032929,0.7784221333795793,26.6297863936706,0.4446162213239667,39.8571279721349,1,51.68395598157159,0,3,100285.97743696129,10.05325444313302,10918.07895822839,5991.47105782607,1.0,4,86.39704544994774,65.39955308787563,36.07293109488364,0
36035,35,Male,Bachelor,Married,Tier2,HR,Full-time,5,2,0,18,59.76013124549427,55.32635363721729,48.69260582018465,3.2641803169824253,3.149662934881078,5,48.39274305500411,64.44980277181175,76.73028483085072,59.5279815228897,190.5525840726605,12.26141038316162,48.24373981264834,0.7819658810642659,31.428517046703345,0.4299109334934545,44.943249143252906,2,76.90949699722864,2,3,70669.51756418159,7.679864862464964,8716.364831801926,7530.446624112546,0.8453264858713258,0,45.887978464799566,59.49693051418848,62.24607169781413,0
18146,43,Male,Master,Single,Tier3,Support,Full-time,6,6,3,10,55.07609320714152,53.91836195825603,55.73101487934534,3.5388375204612585,2.230763699877623,5,44.35310724056514,67.51207770514833,36.8074518933964,74.85277980458636,163.42516407936048,24.754752299404828,39.80033917653939,0.82771458995521,18.26409113193649,0.5619082485511294,29.766102858104585,1,80.76146180392965,2,4,68515.48390064105,6.920593193698618,5982.203916703747,3296.8786146764733,1.0,2,55.501325601242485,66.02973972465304,40.51890798607278,0
70746,28,Female,Bachelor,Single,Tier1,Sales,Full-time,4,2,0,16,75.9525072244528,78.90544805232585,71.94597616233858,2.9900260370018006,2.9714710093675683,4,77.45760602128797,35.05367661782087,48.99142455491944,33.755167819735945,152.6993441622663,0.0,30.8508785017752,0.8674436083373971,21.11160328981753,0.3945263780570305,27.320719767876007,3,40.76247649741369,3,3,110104.76474482437,8.3752428308141,12449.428838333224,3669.263595607335,0.8137096763094335,4,84.60612432744536,44.45295606096696,20.737995583215103,0
78804,51,Female,Bachelor,Married,Tier2,Engineering,Full-time,1,1,1,6,69.5732473767853,67.5978431348333,63.2309291202774,2.9148910400563586,3.269223629212553,7,60.33082266625841,61.60665709518399,67.34006219639491,48.17754812624399,185.38904355143856,26.261220650008763,45.425153027401976,0.9425892127292446,15.410704833109552,0.0669939808427943,52.9758664913093,4,71.06250309190979,2,1,76404.14534410549,7.27448560897917,10445.054167061007,6639.810820122486,0.976182004168296,2,52.33555147906334,67.27901833492325,34.883504827477886,0
94236,46,Male,Bachelor,Married,Tier1,Finance,Full-time,3,1,0,8,77.99263838763133,78.4121457711669,61.46120702305442,3.7762493933141537,4.3541004748255965,3,82.1679803901068,74.86031093356445,72.34976339379058,48.22202946049648,150.77001334411452,20.76375390584997,17.250976639029734,0.813141559964507,29.30295152140463,0.1156438494863253,35.18826149824746,1,73.05329040264658,2,3,120402.55789139538,2.939437770650292,10705.09087697596,7204.735427226916,0.8826620416496,1,44.90211238402083,35.19862183732096,76.58921823179986,0
52491,40,Female,Bachelor,Single,Tier2,Finance,Contract,5,5,5,5,85.70287479929651,85.50549056987916,77.84285516716508,4.270035328571708,3.8509937376946928,5,91.8344232787154,82.42884587398517,59.75128223948659,49.94144127326452,169.97525139072977,9.941466903465198,42.10949987131863,0.8313254677043805,25.09699275523632,0.145732042156192,43.96554517060894,3,76.1761720828434,3,1,98225.26237551268,7.076513618500966,12911.538986526468,4473.4170087023085,0.9239520514702184,1,62.04057568246933,63.94030587667135,62.64185764008269,0
88895,43,Male,Bachelor,Single,Tier2,Marketing,Contract,3,1,0,9,81.265829244067,82.42689323117496,83.7349977047459,4.586573149737581,3.668405216424344,6,74.13878518977752,66.30339105348163,66.81416902737666,64.14949984817379,218.9317977516949,7.0550755913119225,45.46845111954397,0.7698288377903537,25.87635240565086,0.4323962258410171,31.1443667113967,3,61.8605809647171,3,4,89526.66540673605,8.007033601703986,12098.934589646107,4789.738675036985,0.8949062164951247,0,74.81650489105158,75.68586399361152,67.49701416868476,0
59269,29,Female,Bachelor,Married,Tier2,Support,Full-time,16,1,10,15,81.69996435244491,76.67493794329198,78.28151276282935,3.4647354352700206,4.162045472085977,4,78.99052532630257,69.63112291142231,69.89494334690266,65.12464642937215,187.07786774180687,37.801337235905365,37.460704007216805,0.7873588119886572,27.522319311340592,0.0623087729562081,29.939304409230942,1,76.4936078961794,1,2,106771.89835057204,6.427539317971327,11076.531188077435,7087.8825199710645,0.91435724175239,6,63.07579927191316,56.07007140465146,73.99789932682111,0
19663,41,Female,Bachelor,Married,Tier3,Marketing,Full-time,2,1,1,12,59.88619459218109,61.30552381112975,66.36071708202073,3.039004875365982,3.308504044147419,7,61.30734946888517,48.85391966909444,54.85106021197963,40.42079194943924,180.89150305798964,25.289154011421843,43.71936139545516,0.7967623778097991,23.46799637310844,0.4200490976659217,50.76312721485144,4,47.35805230429843,2,3,80358.04958777729,5.463604458759557,11287.009914967051,5533.499449640455,0.9821768761462252,2,82.38816364884832,71.70297709757966,64.43863870078935,0
